id	spot_raw	spot	voc	level	xph	balh	dur_min	solo
58118	Warzone 5 (forked II) - bounty	warzone 5	ED	739	8046141	1320974	52	Solo
58089	Iksupan Last Stand (Forked II) - bounty	iksupan last stand	ED	738	9952265	1689581	22	Solo
58062	GLOOM PILLAR - evento	gloom pillar - evento	EK	1796	64749298	10146319	81	
58060	Cobra Basement	cobra basement	RP	704	15495152	1367666	48	Solo
58046	Netherworld Port Hope (frigo II + glacier I) - bounty	netherworld port hope	ED	738	10175297	1197238	49	Solo
58021	Brain Grounds — Flimsy Lost Souls — Solo	brain grounds — flimsy lost souls — solo	RP	823	20512420	1457956	58	Solo
58030	Kilmaresh Catacombs	kilmaresh catacombs	EM	547	8947041	894482	37	Solo
58020	Prison -3	prison -3	EK	450	8933595	2042448	63	
58024	Timira & Thais Bosses	timira & thais bosses	EK	351	386921	309863	109	
58012	Ingol -1	ingol -1	EK	450	10820435	2950291	46	
58002	Warzone 5 (frigo hur II + forked I)	warzone 5	ED	738	7557350	1406381	32	Solo
57998	Podzilla Quaras	podzilla quaras	MS	922	27266807	2310659	62	Solo
57981	GLOOM PILLAR - evento	gloom pillar - evento	MS	1324	59259461	8471436	65	
57978	GLOOM PILLAR	gloom pillar	EK	1795	62643566	10111789	87	
57976	Cobra Basement	cobra basement	RP	703	10415508	1356648	61	Solo
57967	Podzilla Quaras	podzilla quaras	MS	920	29412454	2602930	116	Solo
57891	Azzilon Castle	azzilon castle	RP	621	14004362	1772723	87	
57902	Bosses	bosses	EK	577	157294	13468887	59	Solo
57890	GLOOM PILLAR - evento	gloom pillar - evento	MS	1322	59253199	7904210	61	
57881	GLOOM PILLAR - evento	gloom pillar - evento	EK	1794	58610483	10936489	86	Solo
57830	Brain Grounds — Flimsy Lost Souls — Solo	brain grounds — flimsy lost souls — solo	RP	822	18597594	1563832	57	Solo
57871	Podzilla Quaras	podzilla quaras	MS	919	26807108	2162833	62	Solo
57820	prison -3	prison -3	EM	463	11080906	1717583	115	
57857	Azzilon Castle 4 man	azzilon castle 4 man	MS	570	31362301	2692766	182	
57856	Azzilon Castle 4 man	azzilon castle 4 man	MS	570	33642755	2692766	182	
57765	GLOOM PILLAR - EVENTO	gloom pillar - evento	EK	1794	65659246	10469900	91	
57715	Energy Library	energy library	ED	804	31547636	5619773	124	
57705	issavi west x4	issavi west x4	EM	461	9301473	326346	145	
57746	Azzilon Castle 3 man	azzilon castle 3 man	ED	573	31878356	2246390	182	
57727	Oramond Undead Dragons	oramond undead dragons	EK	575	4314247	1264103	64	Solo
57716	Ingol -2	ingol -2	EK	448	10507559	3010150	123	
57695	iks occ (Mitmah Seers)	iks occ	RP	702	13220967	1287436	26	Solo
57665	GLOOM PILLAR - evento	gloom pillar - evento	MS	1319	56767986	7841745	64	
57606	Jaded roots	jaded roots	EK	1293	47035685	11635342	64	
57624	Lower Roshamul (sem sleep shawl)	lower roshamul	RP	404	3657052	418691	65	Solo
57588	Medusa tower	medusa tower	RP	266	3469917	509324	46	Solo
57592	INGOL -3	ingol -3	RP	1202	27883714	3088374	62	Solo
57581	INGOL -3	ingol -3	RP	1202	30548311	3216730	62	Solo
57568	GLOOM PILLAR	gloom pillar	MS	1318	40680609	10907845	64	Solo
57569	GLOOM PILLAR	gloom pillar	EK	1792	57610839	11160027	80	
57554	Chapter 3 Edron	chapter 3 edron	ED	373	5988871	767969	166	Solo
57631	Brain Grounds — Flimsy Lost Souls — Solo	brain grounds — flimsy lost souls — solo	RP	822	18761364	1516016	30	Solo
57553	Claustrophobic Inferno	claustrophobic inferno	EK	778	9079366	5671460	40	
57551	Podzilla Quaras	podzilla quaras	MS	917	28446030	2532060	122	Solo
57534	Ingol -1	ingol -1	EK	446	8350504	2627322	60	
57488	crypt	crypt	EK	1292	32980043	2860270	43	
57537	Cobra Bastion	cobra bastion	EK	683	13937365	1690389	56	Solo
57497	azzilion x4	azzilion x4	EM	455	12508148	920377	137	
57536	Kilmaresh Catacombs	kilmaresh catacombs	EK	683	16803970	1453564	41	Solo
57522	Lower Roshamul (utidado)	lower roshamul	RP	403	3460920	518665	62	Solo
57492	Lower Roshamul	lower roshamul	RP	403	2703077	276283	72	Solo
57478	Iksupan Undercity (devovorga boost)	iksupan undercity	EM	541	18018715	1442584	29	Solo
57477	🔥 Asura Citadel Hunt	🔥 asura citadel hunt	EM	921	13930530	2392673	61	Solo
57470	Crypt Warrior	crypt warrior	RP	702	15323688	1157764	30	Solo
57448	💀 Choking Fear – Bounty Hunt (Upper Roshamuul North)	💀 choking fear – bounty hunt	EM	921	9131898	2385834	30	Solo
57447	💀 Crypt Warrior – Bounty Hunt	💀 crypt warrior – bounty hunt	EM	921	12243140	1721304	15	Solo
57404	Podzilla Quaras	podzilla quaras	MS	916	27570447	2548625	123	Solo
57372	Nagas	nagas	RP	701	11172304	1345817	43	Solo
57336	Brain Grounds — Flimsy Lost Souls — Solo	brain grounds — flimsy lost souls — solo	RP	820	19870777	1347486	60	Solo
57446	🦅 Falcon Knight - Bounty Hunt (hawk)	🦅 falcon knight	EM	921	12256301	2854321	46	Solo
57361	Norcferatu Dungeons - West	norcferatu dungeons - west	ED	653	8849588	958374	61	Solo
57344	Podzilla Quaras	podzilla quaras	MS	915	24171702	2624369	91	Solo
57311	Oramond Furies	oramond furies	EM	538	8244180	1608780	18	Solo
57305	Podzilla Quaras	podzilla quaras	MS	914	26596120	2273221	61	Solo
57318	Azzilon Castle 4 man	azzilon castle 4 man	MS	561	25000396	2735321	123	
57285	Nightmare Island	nightmare island	EM	537	7929900	2077125	8	Solo
57180	Crypt Warrior	crypt warrior	RP	701	20387390	1283340	18	Solo
57171	Podzilla Quaras	podzilla quaras	MS	913	25736441	2227467	126	Solo
57123	Jaded roots	jaded roots	EK	1291	28736719	8820152	91	
57125	Lower Spikes -8	lower spikes -8	ED	719	5610137	2256593	127	Solo
57092	Norc Castle	norc castle	ED	80	6899568	878452	15	Solo
57028	Podzilla Quaras	podzilla quaras	MS	912	24708903	2570896	106	Solo
57018	Falcon Castle	falcon castle	EK	444	6168886	1779811	68	Team
56990	Jaded roots	jaded roots	EK	1290	30962289	5925170	64	
56978	DT FERUM	dt ferum	EK	1229	8999011	3026921	60	Solo
56957	DT FERUM	dt ferum	EK	1228	11361905	2274135	52	Solo
56902	Mitmah Sanctuary	mitmah sanctuary	RP	586	8449314	705012	60	Solo
56890	Energy Library	energy library	ED	798	28850857	5598228	121	
56931	Podzilla Quaras	podzilla quaras	MS	910	26803598	2248863	126	Solo
56888	Jugger Seal	jugger seal	EK	442	9186612	2332066	61	
56882	Jugger Seal	jugger seal	EK	442	9395117	2512906	60	
56869	Cobra Basement	cobra basement	RP	700	9706363	891312	52	Solo
56857	Crypt Warrior	crypt warrior	RP	700	12601240	1020450	18	Solo
56853	DT FERUM	dt ferum	EK	1228	11199300	2976262	62	Solo
56834	Ingol Térreo	ingol térreo	ED	533	6833912	1197028	60	Solo
56841	Podzilla Quaras	podzilla quaras	MS	909	23684524	2156436	134	Solo
56832	Ingol -1	ingol -1	MS	728	7933261	2443016	61	Solo
56811	Energy Library	energy library	ED	796	23586844	4778735	139	
56813	❄️ Iceplume Strider – Bounty Hunt	❄️ iceplume strider – bounty hunt	EM	918	13409448	2430368	61	Solo
56822	Dragons	dragons	MS	932	20642649	2225705	121	Solo
56754	Rosh Mines (Terror/feversleep)	rosh mines	RP	697	13924855	1596762	39	Solo
56743	Podzilla Quaras	podzilla quaras	MS	908	23588772	2380011	81	Solo
56747	Norcferatu SOLO bounty task norcferatu nig	norcferatu solo bounty task norcferatu nig	ED	912	19420543	1367431	130	Solo
56732	Ingol -1	ingol -1	EK	441	8972953	2370470	63	
56724	dt seal -2	dt seal -2	RP	1165	10605637	2276708	32	Solo
56726	Energy Library	energy library	EK	1066	16721376	3288078	125	Team
56710	Teste 2 Quara Podizilla	teste 2 quara podizilla	MS	958	13784361	1238736	64	Solo
56679	2h gloomie duplex + chagorz	2h gloomie duplex + chagorz	EM	1441	62184536	13593106	133	Solo
56675	Carnivoras Rock	carnivoras rock	ED	324	2680549	209471	60	Solo
56672	Cloak x4 (Furious Crater)	cloak x4	ED	828	15145130	5305995	82	
56670	Teste 1 Quara Podizilla	teste 1 quara podizilla	MS	957	22430557	1355766	60	Solo
56668	Deathlings	deathlings	RP	697	10457688	1485222	40	Solo
56657	Quaras Podzilla	quaras podzilla	MS	1086	31351750	2005647	66	Solo
56645	Quaras Podzilla	quaras podzilla	MS	1086	30348861	2530546	66	Solo
56634	Werecrocodile	werecrocodile	ED	531	6789068	1408022	60	Solo
56613	❄️ Iceplume Strider – Test Hunt	❄️ iceplume strider – test hunt	EM	916	12872277	1601820	20	Solo
56618	Flimsy venore +20% DMG BOUNTY	flimsy venore +20% dmg bounty	ED	911	19982152	1268005	24	Solo
56596	ingol -3	ingol -3	RP	1164	12385721	1762729	59	Solo
56580	DT FERUM	dt ferum	EK	1226	10007141	2774210	63	Solo
56535	🔥 Mega Dragon Hunt	🔥 mega dragon hunt	EM	916	13578202	2258093	60	Solo
56502	Energy Library	energy library	RP	960	24234864	5667532	121	
56517	Quaras Podzilla	quaras podzilla	MS	1086	33741467	2374327	66	Solo
56663	outer crypt	outer crypt	MS	874	0	3662259	89	
56552	Dragons	dragons	MS	930	19817336	2068600	112	Solo
56501	Jugger Seal	jugger seal	EK	440	8798752	2696377	59	
56495	🔥 Bloodfire Gorge – Raubritter Hunt (with Battle Tatics)	🔥 bloodfire gorge – raubritter hunt	EM	915	25433159	1266774	61	Solo
56493	Warzone 6 ED 520 (Solo)	warzone 6 ed 520	ED	520	6295357	1105124	60	Solo
56487	🔥 Bloodfire Gorge – Raubritter Hunt (with Battle Tatics)	🔥 bloodfire gorge – raubritter hunt	EM	915	22041937	1252729	50	Solo
56471	Crypt Warrior	crypt warrior	RP	696	12504283	1233332	60	Solo
56467	Nimmersat dragons ED 1164	nimmersat dragons ed 1164	ED	1164	22249770	2071617	60	Solo
56531	Nocferatu dungeon west	nocferatu dungeon west	EK	507	0	898906	271	
56464	Cloak x4 (Furious Crater)	cloak x4	ED	825	13851103	3782288	189	
56387	Iks puas	iks puas	ED	449	5136055	1034054	60	Solo
56418	ao lado da dt ink	ao lado da dt ink	RP	23	33	1290	16	Solo
56367	Dragons	dragons	MS	928	16576753	2988176	61	Solo
56365	Nimmersat -1 / Dragaozinho	nimmersat -1 / dragaozinho	MS	905	21114025	2560877	108	Solo
56353	inferniarch -2 x4	inferniarch -2 x4	EK	698	0	2758540	21	
56350	Brain Grounds	brain grounds	RP	645	13519551	1394675	59	Solo
56358	Ingol -3 FOLK +20% Bounty DMG	ingol -3 folk +20% bounty dmg	ED	908	11773965	1374540	54	Solo
56337	Summer Court ED 519 (Solo)	summer court ed 519	ED	519	7516227	1001888	60	Solo
56287	Catacombs West	catacombs west	RP	477	9931131	995835	37	Solo
56273	Werecrocodile -1	werecrocodile -1	RP	437	3108293	523362	77	Solo
56272	mega dragons	mega dragons	MS	626	10367433	2258997	20	Team
56252	Norcferatu East (TERRA Fork Critico buff)	norcferatu east	ED	1354	26248312	1784044	30	Solo
56207	Cobras	cobras	ED	793	18134401	2666127	45	Team
56259	Nimmersat -1 / Dragaozinho	nimmersat -1 / dragaozinho	MS	904	21665384	2215071	118	Solo
56237	Winter Court	winter court	RP	440	2663207	259986	150	Solo
56206	Usurpers Bounac Task	usurpers bounac task	ED	1087	5222783	1376295	31	Solo
56204	Norcferatu East (TERRA FORK BUFF)	norcferatu east	ED	1353	24076155	1838580	28	Solo
56202	Norcferatu East (frigo buff)	norcferatu east	ED	1353	23864100	1645728	31	Solo
56187	iks occ (Mitmah Seers)	iks occ	RP	695	21688309	1176109	61	Solo
56143	Energy Library	energy library	ED	792	35000409	2934542	59	Team
56161	Catacombs East	catacombs east	RP	475	15505800	757912	39	Solo
56156	Golem Raid Oramond	golem raid oramond	RP	475	17672730	4086580	12	Solo
56183	Jaded Roots (Double XP Event)	jaded roots	EK	769	47031762	7000853	126	
56138	Catacombs East	catacombs east	RP	474	16051670	1322451	38	Solo
56102	Deathlings	deathlings	RP	694	20713226	1210366	30	Solo
56078	iks occ (Mitmah Seers)	iks occ	RP	693	28883366	1300959	61	Solo
56076	iks occ (Mitmah Seers)	iks occ	RP	692	25638071	1093684	54	Solo
56072	Minotaur Raid Oramond	minotaur raid oramond	RP	473	16292370	2101625	12	Solo
56070	Catacombs East	catacombs east	RP	472	15296437	1186219	35	Solo
56075	Jaded Roots (Double XP Event)	jaded roots	MS	712	42305791	6545035	190	
56017	Wardragon	wardragon	MS	924	38219505	2127266	60	Solo
56019	Buerinho de issavi	buerinho de issavi	RP	254	9128318	626575	167	
56001	Golem Raid Oramond	golem raid oramond	RP	472	17909509	1529405	11	Solo
55979	Oramond West #1	oramond west #1	EM	181	3035886	502889	39	Solo
55981	Ingol -1	ingol -1	MS	707	25067964	3076286	30	Solo
55958	iks occ (Mitmah Seers)	iks occ	RP	690	35755264	1404819	60	Solo
55945	Crypt Warrior	crypt warrior	RP	690	25757070	1320157	31	Solo
55936	Catacombs West	catacombs west	RP	470	17955437	695271	35	Solo
55932	Golem Raid Oramond	golem raid oramond	RP	470	20285488	2822276	15	Solo
55935	Jaded Roots (Double XP Event)	jaded roots	EK	763	41424965	6419740	87	
55907	Dragao	dragao	MS	923	29717188	1921203	129	Solo
55918	Jaded Roots (Double XP Event)	jaded roots	ED	922	41433689	5698064	107	
55858	True asuras	true asuras	ED	792	14930847	2760672	24	Team
55873	Summer Court ED 504	summer court ed 504	ED	504	18332846	948132	60	Solo
55874	Dragao	dragao	MS	921	34258263	1744416	91	Solo
55847	Energy Library	energy library	MS	819	38693483	4449062	218	
55853	Warzone 6 Double XP	warzone 6 double xp	ED	317	7729150	561721	60	Solo
55823	Warzone 6	warzone 6	RP	689	16046655	1541972	34	Solo
55817	Ingol -3	ingol -3	MS	902	21002525	2176822	135	Solo
55794	Energy Library	energy library	ED	786	19196164	4349269	114	
55820	Jaded Roots	jaded roots	EK	759	22500759	6301413	115	
55776	Iks Last Stand (Entrance)	iks last stand	RP	689	18334548	1890848	16	Solo
55760	Norcferatu Dungeon -1 e -2	norcferatu dungeon -1 e -2	RP	662	7629763	1863920	106	
55752	Nagas	nagas	RP	688	17337665	1239136	65	Solo
55738	Podzilla Quaras	podzilla quaras	MS	901	21477751	1912474	120	Solo
55702	Energy Library	energy library	ED	784	22134618	5367013	144	Solo
55718	Iksupan Last Stand	iksupan last stand	EM	513	12437540	1850810	23	Solo
55711	Warzone 6	warzone 6	ED	315	3964740	1044776	67	Solo
55719	Falcon Eagle	falcon eagle	RP	629	9726718	1527356	60	Solo
55688	Ice Library	ice library	ED	784	11493570	2996846	55	Team
55715	Sparkling Pools	sparkling pools	MS	704	10422982	4064154	79	
55685	burster eldritch	burster eldritch	EK	391	4077532	147764	15	Solo
55684	Ingol -3 (Fork T2)	ingol -3	ED	740	6200384	1191776	49	Solo
55679	Grotto of the Lost	grotto of the lost	ED	1350	9644346	2739032	60	Solo
55622	Energy Library	energy library	ED	782	16620240	4306775	123	
55648	Jaded Roots	jaded roots	RP	1008	19809302	6231446	82	
55640	Nimmersat -1 / Dragaozinho	nimmersat -1 / dragaozinho	MS	900	20550099	2385409	149	Solo
55627	Ingol -1	ingol -1	ED	1139	16967089	2111215	61	Solo
55629	Catacombs West	catacombs west	RP	469	8061557	1230263	34	Solo
55588	West Roshamuul (SOLO RP)	west roshamuul	RP	932	21647152	1988678	47	Solo
55564	Catacombs West	catacombs west	RP	468	8259223	1334497	36	Solo
55578	Jaded Roots (5-man TH)	jaded roots	EK	757	24399515	7216776	97	
55514	True asuras	true asuras	ED	782	10431679	3491607	69	Team
55499	WZ5 - SOLO	wz5	MS	339	5103706	650648	23	Solo
55475	Energy Library	energy library	ED	780	20076399	5060072	156	
55549	Forgotten Crypt	forgotten crypt	EK	963	36910436	4052347	141	Solo
55427	True asuras	true asuras	ED	779	10265467	3237464	77	Team
55453	Bloodfire Gorge (DUO HUNT RP + ED)	bloodfire gorge	RP	930	15992070	1991564	62	Team
55424	Warzone 5	warzone 5	EM	507	7320093	1417598	43	Solo
55410	Warzone 5	warzone 5	MS	337	3720529	522272	41	Solo
55394	Energy Library	energy library	ED	779	22424275	4718133	144	
55403	Golem Raid Oramond	golem raid oramond	RP	468	9307896	3080688	10	Solo
55344	iks occ (Mitmah Seers)	iks occ	RP	687	12245732	1446039	60	Solo
55303	Wardragons	wardragons	ED	778	20057143	3178093	76	
55324	Catacombs West	catacombs west	RP	467	12796967	1052082	24	Solo
55260	Crypt Warrior	crypt warrior	RP	686	15677504	1549747	27	Solo
55224	Dragão (Critico + Cursed Coin	dragão (critico + cursed coin	ED	1347	20321666	2276276	30	Solo
55206	Energy Library	energy library	ED	777	26881008	5422338	121	
55223	Dragão (Critico)	dragão	ED	1347	20049204	2500340	30	Solo
55247	Jaded Roots (4-man TH - Double ED)	jaded roots	EK	756	20716463	6211127	95	
55222	Dragão (skill)	dragão	ED	1347	19102188	2013234	30	Solo
55194	True asuras	true asuras	ED	776	10428196	3487927	63	Team
55191	WZ 8	wz 8	EK	1218	5127718	2480921	45	Solo
55185	fire seal	fire seal	MS	616	7095544	2199790	63	Team
55186	Fire seal in ferb	fire seal in ferb	MS	616	8719904	2199790	63	Solo
55188	Fire seal in ferb	fire seal in ferb	MS	616	0	2199790	63	Team
55180	Ravenous Lava Lurker #1	ravenous lava lurker #1	EM	176	1887918	0	10	Solo
55179	Norcferatu Dungeon -1 e -2	norcferatu dungeon -1 e -2	RP	656	7953884	1037290	135	
55170	GT (Zao)	gt	RP	686	9474660	2306043	40	Solo
55150	Oramond Furies	oramond furies	EM	502	9607121	1098126	38	Solo
55140	Iksupan Undercity	iksupan undercity	EM	502	14274005	1185780	32	Solo
55117	norc west forks	norc west forks	ED	775	16659612	1820238	60	Solo
55115	pillarki grzegorz	pillarki grzegorz	EK	1448	46913833	13192849	176	
55125	Catacombs West	catacombs west	RP	589	8552328	1215322	30	Solo
55107	elfo de fogo	elfo de fogo	ED	1346	9576615	1273502	31	Solo
55101	iks occ (Mitmah Seers)	iks occ	RP	686	12658845	1407056	17	Solo
55110	Furious Crater - 4x MAN	furious crater - 4x man	RP	929	13107426	6370480	121	
55046	Energy Library	energy library	ED	774	22238605	4971566	131	
55083	Jaded Roots (5-man TH)	jaded roots	EK	755	23385660	7490578	124	
55078	Nimmersat -1 / Dragaozinho	nimmersat -1 / dragaozinho	MS	898	18426992	2388674	111	Solo
55035	Catacombs West	catacombs west	RP	588	8319729	686751	33	Solo
55029	bulls	bulls	EK	570	13594510	2670414	41	Team
54994	Norcferatu east peak 13,3kk raw	norcferatu east peak 13,3kk raw	ED	1312	19023438	2181056	45	Solo
55021	bulls	bulls	EK	568	11029468	2862119	48	Team
54987	Ingol Surface direita	ingol surface direita	MS	909	12070101	2767165	62	Solo
54993	Undead Seal (SOLO RP)	undead seal	RP	927	13812447	2029817	39	Solo
54957	Sphinx	sphinx	MS	613	7486495	934663	38	Solo
54966	Nimmersat -1 / Dragaozinho	nimmersat -1 / dragaozinho	MS	896	17356677	2468627	161	Solo
54972	Jaded Roots (5-man TH)	jaded roots	EK	753	19753481	6828383	110	
54934	Werepanther -1	werepanther -1	ED	651	5580746	839946	53	Solo
54907	Roshamuul West	roshamuul west	RP	467	8622469	1052460	29	Solo
54896	Iksupan Last Stand	iksupan last stand	ED	460	10566243	1515024	33	Solo
54898	Undead Seal (SOLO RP)	undead seal	RP	926	17954833	2443413	55	Solo
54863	Inferniach -3	inferniach -3	ED	879	22858125	1782897	141	
54862	Sparkling Pools (DUO EK + ED)	sparkling pools	ED	912	10006336	2499362	59	Team
54823	Energy Library	energy library	ED	772	23230103	5050785	143	
54839	Cobra duo ED 360 EK 518	cobra duo ed 360 ek 518	ED	360	7335178	1066020	63	Team
54811	Issavi West	issavi west	ED	655	6990598	804655	59	Solo
54830	Nimmersat -1 / Dragaozinho	nimmersat -1 / dragaozinho	MS	895	20679536	2344264	117	Solo
54807	issavi surface	issavi surface	MS	611	15173735	1833516	27	Solo
54808	hiena dos cria	hiena dos cria	ED	93	0	42045	114	
54799	issavi surface	issavi surface	MS	610	14443750	1453330	30	Solo
54806	Ingol -3 (DUO RP + ED)	ingol -3	RP	925	24408624	3165999	70	Team
54776	Deathlings	deathlings	RP	685	12227449	1302280	51	Solo
54770	iks occ (Mitmah Seers)	iks occ	RP	684	14262168	1470877	21	Solo
54755	Nimmersat -1 / Dragaozinho	nimmersat -1 / dragaozinho	MS	894	19794538	2365226	157	Solo
54725	Fire Library	fire library	ED	770	25947424	4884631	136	
54752	Solo norcferatu || EM (Ascetic)	solo norcferatu em	EM	622	9521594	761588	64	Solo
54732	darashia skeletons	darashia skeletons	EM	604	5092364	1815892	15	Solo
54745	Inferniach -3	inferniach -3	ED	878	17644450	1742474	160	
54697	Asura Mirror	asura mirror	RP	531	7794804	964852	67	Solo
54685	Diremaw Task	diremaw task	ED	313	4362875	374163	54	Solo
54689	Asura mirror	asura mirror	RP	531	7168967	721077	81	Solo
54660	Nimmersat -1 / Dragaozinho	nimmersat -1 / dragaozinho	MS	893	18395192	2093737	158	Solo
54612	Azzilion castle	azzilion castle	ED	769	12445067	2659218	60	
54594	Crypt Warrior (SOLO RP)	crypt warrior	RP	925	14079530	1226377	26	Solo
54545	Iksupan Last Stand	iksupan last stand	RP	580	6011221	1209541	60	Solo
54570	Jaded Roots (5-man TH)	jaded roots	EK	752	13927741	7531342	80	
54560	Nimmersat -1 / Dragaozinho	nimmersat -1 / dragaozinho	MS	891	18937643	2457351	183	Solo
54557	Duo nagas both floors || ED, EM	duo nagas both floors ed, em	EM	620	13276906	1465380	32	Team
54523	iks occ (Mitmah Seers)	iks occ	RP	684	11984912	1382771	28	Solo
54509	Crypt Warrior (Dano Undead)	crypt warrior	ED	1343	11912932	1415430	30	Solo
54510	Crypt Warrior (Omega Strike)	crypt warrior	ED	1343	11821820	1665290	30	Solo
54511	Crypt Warrior (Alfa strike)	crypt warrior	ED	1343	11407340	1314170	30	Solo
54513	ferumbras way	ferumbras way	MS	609	6568043	2452375	68	Team
54491	Crypt Warrior	crypt warrior	RP	684	12390962	1741617	22	Solo
54479	Bulltaur -2	bulltaur -2	EK	1031	18486495	2452946	60	Solo
54439	Energy Library	energy library	ED	766	25758852	5418688	109	
54469	West Norcferatu (TRIO EK/ED/RP)	west norcferatu	EK	751	20400057	3149388	66	
54444	Dragãozinho - Nimmersatt's Breeding Ground Full Set	dragãozinho - nimmersatt's breeding ground full set	ED	762	21750666	1248508	59	Solo
54463	duo nagas both floors || EK, EM	duo nagas both floors ek, em	EM	619	9209282	2650060	55	Team
54462	Nimmersat -1 / Dragaozinho	nimmersat -1 / dragaozinho	MS	890	21265053	2527304	146	Solo
54431	Cloak of Terror	cloak of terror	EK	860	18163618	4198848	189	
54406	Grotto of the lost	grotto of the lost	EK	1073	6734585	2859566	85	Solo
54405	Upper Roshamuul	upper roshamuul	RP	793	15255424	1849760	120	Solo
54383	Solo - Burning sewers	solo - burning sewers	ED	546	7539624	1009380	200	Solo
54386	Norcferatu x4	norcferatu x4	ED	872	22557486	2142162	193	
54382	Roothings -2 (FULL TH)	roothings -2	MS	695	17988055	4151975	84	
54354	Grim Reapes Yalar - DR + Bonus EXP	grim reapes yalar - dr + bonus exp	EM	394	5992819	619234	89	Solo
54337	Pirat ship -2	pirat ship -2	ED	318	5551245	994484	64	Solo
54319	Werelions -1	werelions -1	RP	683	17464616	1440182	30	Solo
54334	Otherworld (SOLO RP)	otherworld	RP	923	12574750	1998966	48	Solo
54522	Werecrocs -2 with boosts	werecrocs -2 with boosts	RP	451	13125783	820119	31	Solo
54316	Iks Last Stand (Entrance)	iks last stand	RP	683	17175724	2078996	14	Solo
54308	Netherworld (PH Flimsies - SOLO RP)	netherworld	RP	922	22245597	1368854	21	Solo
54306	Infernatil Seal - SOLO RP	infernatil seal	RP	922	14678631	3095143	55	Solo
54302	Infernatil Seal - SOLO RP	infernatil seal	RP	922	20697009	2872745	62	Solo
54288	Norcferatu x4	norcferatu x4	ED	870	28187309	2484281	177	
54170	Blood Fire Gorge	blood fire gorge	EK	1009	30735389	3888089	141	
54160	Norcferatu x4	norcferatu x4	ED	868	24481101	2211491	205	
54110	Fury Dungeon (Great expedition boost)	fury dungeon	RP	528	8303016	1030280	64	Solo
54096	Nimmersatt's Lair +2 (SOLO RP)	nimmersatt's lair +2	RP	921	18231968	1751876	49	Solo
54072	iks occ (Mitmah Seers)	iks occ	RP	682	16638510	1131526	30	Solo
54069	Asura Mirror	asura mirror	RP	682	15911736	1280202	30	Solo
54068	Flimsy PH	flimsy ph	RP	682	14660586	1286551	27	Solo
54067	Nimmersat -1 / Dragaozinho	nimmersat -1 / dragaozinho	MS	885	27806791	2523962	81	Solo
54059	Prision -3	prision -3	RP	504	5733457	2035485	57	
54063	crypt warrior	crypt warrior	MS	607	10095140	1962048	51	Team
54053	crypt warrior	crypt warrior	MS	607	10355632	2198715	16	Team
54049	Prision -3	prision -3	RP	504	5211728	1180680	70	Solo
54051	prison -3	prison -3	MS	607	11234683	2323911	47	Team
56256	Warzone V	warzone v	RP	386	7774284	482777	60	Solo
54058	Shulgrax's Seal (DT SEAL - DUO RP + ED)	shulgrax's seal	RP	920	12850306	3055802	125	Team
54028	Dragons Nimmersatt's	dragons nimmersatt's	ED	753	22197716	1691349	65	Solo
54013	BOUNTY TASKS | CRAZER SUMMER REARGUARD	bounty tasks crazer summer rearguard	EK	1161	9760782	1117402	96	Solo
53991	Dragãozinho - Nimmersatt's Breeding Ground Full Set	dragãozinho - nimmersatt's breeding ground full set	ED	761	25307698	1451109	61	Solo
53979	iks occ (Mitmah Seers)	iks occ	RP	681	12255473	1144963	60	Solo
53987	Crypt Warrior (SOLO RP)	crypt warrior	RP	920	15727296	1692892	15	Solo
53959	Blood Fire Gorge	blood fire gorge	EK	1007	27420285	2593964	142	
53967	Norcferatu x4	norcferatu x4	ED	864	16587294	189656	282	Solo
53931	Dragãozinho - Nimmersatt's Breeding Ground Full Set	dragãozinho - nimmersatt's breeding ground full set	ED	760	18228300	1204135	63	Solo
53917	iks occ (Mitmah Seers)	iks occ	RP	681	15170981	3556028	32	Solo
53916	Fury Dungeon (Great expedition boost)	fury dungeon	RP	524	8741881	1031196	40	Solo
53914	Fury Dungeon (Great expedition boost)	fury dungeon	RP	524	8404216	747793	45	Solo
53906	Fury Dungeon (Great expedition boost)	fury dungeon	RP	524	8633168	1033072	43	Solo
53918	Undead Seal (SOLO RP)	undead seal	RP	917	22649027	2349070	69	Solo
53855	Nagas	nagas	ED	416	6637192	1561849	109	Team
53897	INGOL -3 wo/Charms (Ava)	ingol -3 wo/charms	ED	716	6473137	644318	64	Solo
53865	crypt warrior	crypt warrior	MS	602	17667016	1227804	118	Solo
53853	Crumbling Caverns	crumbling caverns	RP	681	7524169	745705	22	Solo
53849	Norcferatu x4	norcferatu x4	ED	862	23866541	1902606	203	
53828	Blood Fire Gorge	blood fire gorge	MS	881	31145253	1429725	62	Solo
53794	Warzone 1	warzone 1	RP	680	11080098	1491747	43	Solo
53790	Draken Walls (South)	draken walls	RP	680	7621725	1154291	33	Solo
53778	Otherworld (SOLO RP)	otherworld	RP	917	17064008	2336234	48	Solo
53770	Undead Seal (SOLO RP)	undead seal	RP	917	19102500	2637521	60	Solo
53745	Grim Reaper (Yalahar)	grim reaper	EK	279	7256749	167481	60	Solo
53753	Norcferatu x4	norcferatu x4	ED	859	27972412	2451726	174	
53705	Energy Library	energy library	ED	763	27512731	5051989	147	
53730	dark thais x4	dark thais x4	ED	1201	25481702	6319972	68	
53744	Blood Fire Gorge	blood fire gorge	EK	1005	25926841	2485224	150	
53711	Gnomegate Lava Hot Spot	gnomegate lava hot spot	EK	276	2131941	538397	25	Solo
56254	Diremaw second hunt	diremaw second hunt	RP	386	5488906	772689	60	Solo
53901	Falcon Eagle	falcon eagle	ED	717	11099585	2200492	51	Solo
53688	Warzone 6 (Diremaws)	warzone 6	ED	421	5071960	1159190	37	Solo
53689	Carnivore's Rock	carnivore's rock	RP	679	5639962	1113038	30	Solo
53686	iks occ (Mitmah Seers)	iks occ	RP	679	15601924	1273029	28	Solo
53900	Falcon Eagle	falcon eagle	ED	717	9072428	1594626	60	Solo
53617	Burster Spectre	burster spectre	RP	575	3677400	78019	60	Solo
53639	Glooth Tower	glooth tower	EK	270	3387175	896297	25	Solo
53677	Book World (Chapter 4)	book world	ED	1337	5174336	1357342	61	Solo
53645	NORC TRIO BOOSTED EK EM RP	norc trio boosted ek em rp	RP	848	21975711	3021761	60	
53638	Nimmersat -1 / Dragaozinho	nimmersat -1 / dragaozinho	MS	878	21486854	2299723	126	Solo
53649	Norcferatu x4 west	norcferatu x4 west	EK	802	18902354	2178414	161	
53646	GT EK	gt ek	MS	681	6748300	2021532	120	Solo
53614	dark thais x4	dark thais x4	ED	1200	22775950	6686161	60	
53581	WZ 5	wz 5	ED	330	6352598	1057520	58	Solo
53610	Grotto of the Lost	grotto of the lost	ED	1336	5485404	3200882	61	Solo
53578	Iksupan Last Stand	iksupan last stand	ED	1336	7869300	2002277	60	Solo
53576	Nimmersatt MS solo	nimmersatt ms solo	MS	680	11866672	1895640	60	Solo
53548	Falcons	falcons	ED	652	5859752	1416723	64	Solo
53549	Norcferatu x4	norcferatu x4	EK	800	18300890	2210009	174	
53540	Nimmersat -1 / Dragaozinho	nimmersat -1 / dragaozinho	MS	878	19367224	2619524	74	Solo
56253	Diremall first hunt	diremall first hunt	RP	386	4226508	815728	61	Solo
53496	Energy Lib	energy lib	EK	974	17187568	5727334	173	
53665	Nimmersatt Dragons	nimmersatt dragons	ED	879	13310267	2157973	63	Solo
53501	Crypt Warrior	crypt warrior	RP	679	11109262	1111106	58	Solo
53473	Crypt Warriors	crypt warriors	MS	600	7978531	876978	23	Solo
53462	Salt Caves	salt caves	ED	1336	4639462	1901650	60	Solo
53458	Nimmersat -1 / Dragaozinho	nimmersat -1 / dragaozinho	MS	878	21431302	2206506	30	Solo
53461	Gnonprona Carrinho 3	gnonprona carrinho 3	EK	1609	0	6313353	95	
53455	Crypt Warrior	crypt warrior	RP	678	19258150	1831726	29	Solo
53434	Glooth Plains - Surface (Oramond)	glooth plains - surface	EK	273	1974337	233969	42	Solo
53424	Earth Library - Rapid Respawn	earth library - rapid respawn	EK	1049	5364240	2524469	88	
53422	Roshamuul DP	roshamuul dp	RP	1100	17364049	2732462	137	Solo
53430	Norcferatu x4	norcferatu x4	EK	798	21815533	2597110	103	
53407	WZ 5	wz 5	ED	328	5931231	820279	84	Solo
53399	STONFIN 0908	stonfin 0908	ED	229	521259	169703	46	Solo
53421	Fire Library (RAPID RESPAWN EVENT)	fire library	EK	742	7673832	3687795	64	
53386	RAPID| Freakish Lost Souls	rapid freakish lost souls	ED	480	4472088	730740	58	Team
53387	Furious Crater (Cloaks - RAPID RESPAWN EVENT)	furious crater	RP	915	7216813	4612837	133	
53372	RAPID| Goggle Cake	rapid goggle cake	RP	678	5798660	651084	27	Solo
53368	Nimmersat -1 / Dragaozinho	nimmersat -1 / dragaozinho	MS	876	20942143	2425864	128	Solo
53352	Lycanthrope Grounds (Edron)	lycanthrope grounds	EK	271	2207516	379412	15	Solo
53357	Norcferatu x4	norcferatu x4	EK	796	17379194	2281903	154	
53327	Sea serpent (Svargrond)	sea serpent	EK	270	1684045	132138	50	Solo
53325	RAPID| Draken Abomination	rapid draken abomination	RP	677	8100977	1726851	49	Solo
53326	Hellspawn (Yalahar)	hellspawn	EK	270	1671358	93013	47	Solo
53295	RAPID| Dark Carnisylvan	rapid dark carnisylvan	RP	677	8425168	1544900	57	Solo
53277	Norcferatu x4	norcferatu x4	EK	795	6030854	2217933	113	
53245	Falcon Con Rapid Solo Sur	falcon con rapid solo sur	ED	650	8065850	1729236	48	Solo
53214	—	—	MS	599	19128781	1126994	57	Solo
53187	Medusa Tower	medusa tower	EK	265	2352645	245824	41	Solo
53191	NORC EAST TRIO	norc east trio	RP	845	16232590	2266602	129	
53193	Norcferatu x4	norcferatu x4	EK	794	18141907	2016576	120	
53171	35m Nagas -1 & -2	35m nagas -1 & -2	MS	456	5417346	183086	35	Solo
53155	30m Winter Courts	30m winter courts	MS	456	6570300	1007956	30	Solo
53164	Falcons	falcons	ED	650	7440260	1277589	64	Solo
53149	GAZER SPECTRE +21% DMG BOUNTY	gazer spectre +21% dmg bounty	ED	851	9713439	888391	47	Solo
53124	Yalahar Bog Raiders Central	yalahar bog raiders central	EM	94	629342	0	30	Solo
53132	Ripper Spectre	ripper spectre	MS	327	7386466	838385	13	Solo
53138	Crypt Warrior	crypt warrior	RP	676	14323868	1388993	27	Solo
53135	Undead Seal (SOLO RP)	undead seal	RP	912	16682062	2101660	71	Solo
53100	Solo nagas || EM	solo nagas em	EM	606	10439214	728541	42	Solo
53098	Nimmersatt MS solo	nimmersatt ms solo	MS	675	13344920	2192217	35	Solo
53070	Cults Carlin	cults carlin	EK	126	1684446	70037	28	Solo
53087	Nimmersatt MS solo	nimmersatt ms solo	MS	675	16925457	2099714	26	Solo
53063	dark thais x4	dark thais x4	ED	1198	22193100	6217222	60	
53078	Grim Reaper (Yalahar)	grim reaper	EK	270	5397697	174872	45	Solo
53031	Burster Spectres	burster spectres	RP	676	7030022	630129	42	Solo
52989	Falcon Bastion	falcon bastion	RP	675	11639221	2045884	47	Solo
52979	Norc West trio EK EM RP	norc west trio ek em rp	RP	842	21634020	2875552	131	
53032	Roothings -2 x4 Hunt	roothings -2 x4 hunt	ED	866	0	2578187	121	
52937	Girtabilu	girtabilu	RP	790	6438518	1658428	61	Solo
52922	Roshamuul DP	roshamuul dp	RP	1098	13519768	2614815	141	Solo
52897	Ingol -3	ingol -3	MS	873	21824901	2449762	66	Solo
52884	Asura (Mirror)	asura	EK	637	5315561	568882	60	Solo
52859	Dragãozinho - Nimmersatt's Breeding Ground Full Set	dragãozinho - nimmersatt's breeding ground full set	ED	759	13090940	808116	60	Solo
52856	Roshamuul DP	roshamuul dp	RP	1097	12780735	2584214	126	Solo
52823	Liberty Bay Quara Grotto	liberty bay quara grotto	EM	90	365440	16255	22	Solo
52814	1h gloom	1h gloom	EM	1371	62757995	13073585	61	
52776	Cobra trio	cobra trio	EK	462	18474514	762670	87	
52773	Port Hope Water Elementals (South)	port hope water elementals	EM	88	371756	3928	32	Solo
53077	Werehayena hunt	werehayena hunt	RP	223	1487123	43274	59	Solo
52782	1h Grim Reaper	1h grim reaper	MS	451	7988640	329313	60	Solo
52794	Norc tower mas wheel test 1	norc tower mas wheel test 1	EK	555	8826822	764577	20	Solo
52748	30m Grim Reaper Yala	30m grim reaper yala	MS	450	6425100	178104	30	Solo
52742	15m Grim Reaper Yalahar	15m grim reaper yalahar	MS	450	6633000	816720	15	Solo
52765	Warzone 3 Solo EK 945	warzone 3 solo ek 945	EK	945	9401820	1950948	87	Solo
52736	Hellspawn (Yalahar)	hellspawn	EK	267	1683640	208160	30	Solo
52726	Iks Last Stand (Entrance)	iks last stand	RP	674	13878979	1635270	28	Solo
52720	Weretigers -1	weretigers -1	RP	674	7488382	1052277	47	Solo
52727	Infernatil Seal - SOLO RP	infernatil seal	RP	911	17499656	2220080	62	Solo
52713	Norc tower	norc tower	EK	554	8065057	1026086	16	Solo
52710	Nimmersat -1 / Dragaozinho	nimmersat -1 / dragaozinho	MS	873	19232343	2352810	99	Solo
52701	Ingol -3	ingol -3	MS	873	15100435	2324825	56	Solo
52667	Port Hope Spider Cave	port hope spider cave	EM	84	616481	0	60	Solo
52698	Nimmersatt MS solo	nimmersatt ms solo	MS	669	9431798	1479852	80	Solo
52653	Weretiger -2	weretiger -2	MS	508	13236024	1338151	37	Solo
52651	Norcferatu Dungeon -1 e -2	norcferatu dungeon -1 e -2	EK	497	4782313	744709	185	
52626	Nimmersat -1 / Dragaozinho	nimmersat -1 / dragaozinho	MS	872	21582486	2351573	62	Solo
52608	Flimsy	flimsy	RP	618	11870430	763269	134	Solo
52625	Norc Castle Duo	norc castle duo	EM	741	18041012	2385670	60	Team
52596	Dragãozinho ed 750 - Nimmersatt's Breeding Ground Full Set	dragãozinho ed 750 - nimmersatt's breeding ground full set	ED	758	17418264	1053921	65	Solo
52580	Mirro 320 RP	mirro 320 rp	RP	319	6561718	657993	45	Solo
52572	Port Hope Spider Cave	port hope spider cave	EM	82	376290	11549	60	Solo
52560	Edron Vampire Crypts	edron vampire crypts	EM	82	323414	21496	37	Solo
52576	Oramond Dungeon West	oramond dungeon west	RP	517	7898178	991882	61	Solo
52547	Norc West trio	norc west trio	RP	841	21318502	3139028	64	
52535	Nimmersat -1 / Dragaozinho	nimmersat -1 / dragaozinho	MS	872	19095750	2467833	109	Solo
52467	Falcons	falcons	MS	596	10501528	1509647	105	Solo
52439	Falcon	falcon	ED	1093	10577614	2295603	61	Solo
52387	After Bones	after bones	EK	619	9553482	1240942	65	Solo
52405	Iks Last Stand (Entrance)	iks last stand	RP	673	12752513	1521343	18	Solo
52363	Solo Crypt	solo crypt	RP	1363	36370245	942438	122	Solo
52356	Dark Fauns -2	dark fauns -2	RP	169	1711696	327484	30	Solo
52357	Duo goanas west || RP, EM	duo goanas west rp, em	RP	818	14295286	1778429	23	Team
52353	Norcferatus West	norcferatus west	EM	739	20344813	2325953	91	Team
52340	Cobra Bastion	cobra bastion	EK	940	19342472	2190066	60	Solo
52337	ROSHA	rosha	RP	467	0	625342	83	
52289	Werecrocodile -1 e -2 Post Nerf	werecrocodile -1 e -2 post nerf	MS	506	9912615	1002667	27	Solo
52279	Crypt Warrior	crypt warrior	EK	88	8447524	681249	28	Solo
52260	Norc East MS solo	norc east ms solo	MS	887	17570751	1943596	34	Solo
52246	Summer Court	summer court	EK	678	7222617	1208376	60	Solo
52243	Furious Crater	furious crater	EK	1163	13828258	7774349	143	
52228	Caminho de Ferumbras	caminho de ferumbras	RP	1012	11074616	2125487	45	Solo
52196	Undead Seal (SOLO RP)	undead seal	RP	910	15392230	2494626	72	Solo
52190	North Roshamuul (South - SOLO RP)	north roshamuul	RP	910	16135802	4719850	30	Solo
52187	Infernatil Seal - SOLO RP	infernatil seal	RP	909	14719240	2535689	60	Solo
52152	Energy Library	energy library	ED	760	22632917	4587341	137	
52143	Ogres / Issavi Mountains	ogres / issavi mountains	EM	810	5000184	756508	37	Solo
52139	Nimmersat -1 / Dragaozinho	nimmersat -1 / dragaozinho	MS	868	20990372	2185901	95	Solo
52122	Otherworld (Sva)	otherworld	RP	673	13096870	1929865	41	Solo
52101	Energy Library	energy library	ED	759	9701653	4892066	131	
52107	Nimmersat -1 / Dragaozinho	nimmersat -1 / dragaozinho	MS	867	21348080	2335739	127	Solo
52092	Dream Labyrinth Mixed	dream labyrinth mixed	MS	501	9913527	667652	68	Solo
52082	Behemoth (Cyclopolis)	behemoth	EK	262	1028212	224568	30	Solo
52068	Ripper Spectre	ripper spectre	RP	672	9691329	1903822	32	Solo
52064	BOOK WORLD	book world	ED	242	5647162	384268	53	Solo
52054	Deathlings	deathlings	RP	672	10377504	1275353	41	Solo
52059	Vampire Crypt (Edron)	vampire crypt	RP	169	1376977	367135	57	Solo
52046	Carnisylavan Solo ED 800+	carnisylavan solo ed 800+	ED	800	4381339	1388406	65	Solo
52049	Nimmersat -1 / Dragaozinho + ingol -3	nimmersat -1 / dragaozinho + ingol -3	MS	866	17586409	2099517	188	Solo
52036	Catacomb -3,-4	catacomb -3,-4	ED	1191	24807138	3775579	65	
52030	Dragãozinho - Nimmersatt's Breeding Ground	dragãozinho - nimmersatt's breeding ground	ED	757	14084017	1314791	74	Solo
52035	Infernatil Seal - SOLO RP	infernatil seal	RP	909	18377767	2804035	58	Solo
52002	Iks Last Stand (Entrance)	iks last stand	RP	671	12290097	1864163	26	Solo
51992	Rosh Mines (Terror/feversleep)	rosh mines	RP	671	10064016	1661199	70	Solo
51980	DRAGAOZINHOS	dragaozinhos	ED	733	17505419	1505058	62	Solo
51976	Nimmersat Dragons	nimmersat dragons	ED	1091	10564958	1412668	71	Solo
51958	Ice Library	ice library	ED	756	21917881	4627994	133	
51979	Nimmersat -1 / Dragaozinho	nimmersat -1 / dragaozinho	MS	865	18359841	2610921	107	Solo
51939	TASKS	tasks	ED	756	7062880	1877423	58	Team
52037	Infernatil Seal - SOLO RP	infernatil seal	RP	909	14761426	2452081	64	Solo
51933	Two-headed Turtles Marapur	two-headed turtles marapur	ED	831	4168541	1353378	60	Solo
51928	Otherworld (Zao)	otherworld	RP	670	9832230	1348065	24	Solo
51927	GT(Zao Outer)	gt	RP	670	6840147	2128942	39	Solo
51919	hunt x5 ss	hunt x5 ss	ED	1093	0	6638210	219	
51876	Energy Library	energy library	ED	755	20296290	4587598	83	
51895	Nimmersat -1 / Dragaozinho	nimmersat -1 / dragaozinho	MS	864	17925174	2480980	101	Solo
51883	Dragãozinho - Nimmersatt's Breeding Ground	dragãozinho - nimmersatt's breeding ground	ED	757	14699611	1136536	77	Solo
51861	Issavi	issavi	ED	754	11904407	2620063	60	
51832	Azzilon Catacombs	azzilon catacombs	RP	859	11041451	2236754	66	
51835	Azzilon Catacombs	azzilon catacombs	RP	860	0	2236754	66	
51839	Warzone 5	warzone 5	RP	670	9762448	1540448	53	Solo
51830	Warzone 5	warzone 5	RP	670	8202222	1295721	35	Solo
51829	Duo dragons -1	duo dragons -1	RP	815	6483497	898170	38	Solo
51828	Duo Goanas pally	duo goanas pally	RP	815	7554902	1129508	22	Team
51823	Nimmersat -1 / Dragaozinho	nimmersat -1 / dragaozinho	MS	863	22171171	2745861	38	Solo
51811	Nagas -1 and -2	nagas -1 and -2	MS	496	11503002	783270	24	Solo
51815	inferniach -3-4. pt x3 sem ms	inferniach -3-4. pt x3 sem ms	ED	1189	26781301	3220585	60	
51793	Werehyena MS 290+	werehyena ms 290+	MS	290	3331157	463891	37	Solo
51789	Nagas -1 and -2	nagas -1 and -2	MS	495	13476080	1250939	44	Solo
51742	Energy Library	energy library	ED	751	20609448	4959587	124	
51751	Dragãozinho - Nimmersatt's Breeding Ground	dragãozinho - nimmersatt's breeding ground	ED	757	12002198	1390471	52	Solo
51716	True asuras	true asuras	ED	751	10455176	3387792	60	Team
44313	Pumin -1, -2	pumin -1, -2	EK	949	12337300	2769046	61	Solo
51743	Duo Goannas	duo goannas	MS	595	7546640	1510983	21	Team
51711	Werelion -1 (post nerf)	werelion -1	MS	494	6109828	696876	55	Solo
51722	Duo burried cathedral	duo burried cathedral	EK	300	6523629	437458	37	Team
51665	iks occ (Mitmah Seers)	iks occ	RP	669	10306277	1445255	31	Solo
51643	Energy Library	energy library	ED	749	17880793	4168975	134	
51655	DRAGOLISK BOUNTY TASK +20%DMG fok	dragolisk bounty task +20%dmg fok	ED	845	16414996	2149445	70	Solo
51650	CRYPT WARRIORS +20% BOUNTY DMG FORK	crypt warriors +20% bounty dmg fork	ED	845	12724564	1008762	30	Solo
51625	Nimmersat -1 / Dragaozinho	nimmersat -1 / dragaozinho	MS	862	21018433	2326736	60	Solo
51622	iks occ (Mitmah Seers)	iks occ	RP	669	13229356	1025653	60	Solo
51608	Iks Last Stand (Entrance)	iks last stand	RP	668	10884923	1625013	60	Solo
51588	Dragãozinho - Nimmersatt's Breeding Ground	dragãozinho - nimmersatt's breeding ground	ED	756	12591973	1341294	78	Solo
51563	—	—	RP	1003	23722626	6740078	130	
51574	Duo buried -2 ED, EK	duo buried -2 ed, ek	EK	298	668253	389827	25	Team
51555	Medusa Tower	medusa tower	ED	407	2491537	435185	38	Solo
51541	Otherworld (Zao)	otherworld	RP	668	6970020	2014433	42	Solo
51533	iks occ (Mitmah Seers)	iks occ	RP	667	12448579	941953	56	Solo
51516	Goana Direita	goana direita	ED	556	15288585	1276851	45	Solo
51512	Hero Fortres	hero fortres	ED	121	833152	94477	41	Solo
51508	Dragãozinho - Nimmersatt's Breeding Ground	dragãozinho - nimmersatt's breeding ground	ED	756	14217536	959628	68	Solo
51484	iks occ (Mitmah Seers)	iks occ	RP	667	13326460	945264	55	Solo
51477	Bashmu	bashmu	ED	513	4193038	1209556	100	Solo
51468	Bashmu Fork (No Runes)	bashmu fork	ED	513	4346373	1305486	57	Solo
51460	Crypt Warrior	crypt warrior	RP	666	11799397	1268960	60	Solo
52038	Infernatil Seal - SOLO RP	infernatil seal	RP	909	11207803	1998804	47	Solo
51422	Fire Library	fire library	ED	745	20430751	4572263	123	
51438	CRYPT WARRIORS +20% BOUNTY DMG	crypt warriors +20% bounty dmg	ED	841	16925461	1371362	32	Solo
51408	Iks Yapunac	iks yapunac	ED	886	14751807	3004949	31	Solo
51401	Book Word 3	book word 3	ED	468	5150439	460123	61	Solo
51398	Roshamuul West	roshamuul west	RP	811	10295423	1765638	65	Solo
51387	Book Word 3	book word 3	ED	468	5058281	345619	16	Solo
51391	Ripper Spectre	ripper spectre	RP	665	8171478	1293648	55	Solo
51383	Book World Ch 3	book world ch 3	RP	665	8806977	1040855	24	Solo
51363	Nimmersat -1 / Dragaozinho	nimmersat -1 / dragaozinho	MS	863	19406335	2287873	73	Solo
51334	Energy Library	energy library	ED	745	14100207	3271890	130	
51357	Ingol -2	ingol -2	MS	863	10666094	2097071	63	Solo
51344	Dragãozinho - Nimmersatt's Breeding Ground	dragãozinho - nimmersatt's breeding ground	ED	755	11943154	908200	66	Solo
51360	Plasgue Seal -2	plasgue seal -2	EK	771	8356457	1571665	52	Solo
51350	Energy Library	energy library	EK	1040	13860666	2738473	124	Team
51303	1h gloom	1h gloom	RP	1590	51176661	9727965	63	
51279	Nimmersat -1 / Dragaozinho	nimmersat -1 / dragaozinho	MS	862	14342732	2549730	61	Solo
51239	trio gloom	trio gloom	EM	1342	29450937	8591525	23	
51262	Goanna Direita	goanna direita	ED	549	9515696	855618	30	Solo
51261	Goanna Direita Issavi	goanna direita issavi	ED	549	9596888	946084	30	Solo
51263	Energy Library	energy library	EK	1040	13117294	2850624	122	Team
51226	Azzilon 0+1	azzilon 0+1	EK	644	10027128	1196007	36	Solo
51253	Lower Spike	lower spike	EK	260	2459311	278345	50	Solo
51204	Crypt Warrior	crypt warrior	RP	665	10522456	1437104	30	Solo
51201	Ripper Spectre	ripper spectre	RP	665	7906976	1140738	34	Solo
51192	Ingol -3 - POS NERF	ingol -3 - pos nerf	MS	862	13151317	1980016	64	Solo
51166	Energy Library	energy library	ED	742	19956035	4043668	128	Solo
51178	Dragãozinho - Nimmersatt's Breeding Ground	dragãozinho - nimmersatt's breeding ground	ED	754	12487077	1107541	61	Solo
51174	Candia Mines -2	candia mines -2	RP	444	3508185	223469	50	Solo
51152	Warzone 6	warzone 6	RP	664	5743315	1412471	27	Solo
51147	iks occ (Mitmah Seers)	iks occ	RP	664	7612342	1004833	37	Solo
51128	Azzilon Walls	azzilon walls	EK	643	9850566	1338481	61	Solo
51129	Oramond Furys	oramond furys	RP	664	8497542	1260124	42	Solo
51096	Energy Library	energy library	ED	740	13349946	3930702	122	
51083	Oramond Abandoned Sewers	oramond abandoned sewers	RP	444	3167885	442353	46	Solo
51091	DRAGOLISK BOUNTY TASK +20%DMG NERF	dragolisk bounty task +20%dmg nerf	ED	836	18433630	1586322	56	Solo
51067	NORC DIREITA	norc direita	ED	882	15911832	1454051	60	Solo
51068	Abandoned Sewers	abandoned sewers	RP	663	8508252	1037278	30	Solo
51044	DRAGONS +1 FORKS + WAVE	dragons +1 forks + wave	ED	1295	25404246	2576770	30	Solo
51060	Crypt Warrior	crypt warrior	RP	663	14800193	1305037	26	Solo
51038	Nimmersat -1 / Dragaozinho POS NERF	nimmersat -1 / dragaozinho pos nerf	MS	861	13729177	2277762	34	Solo
51016	Fire Library	fire library	ED	738	20144326	4616045	140	
50988	DRAGONS - 0 - FORK + BIG WAVE	dragons - 0 - fork + big wave	ED	1295	16289908	2814852	15	Solo
50987	DRAGONS - 0 - RUNIC + ULUS3	dragons - 0 - runic + ulus3	ED	1295	15541288	2586664	15	Solo
51000	Warzone 5	warzone 5	ED	508	6446315	1067286	51	Solo
51011	DRAGOLISK BOUNTY TASK +20%DMG	dragolisk bounty task +20%dmg	ED	835	18033208	1601000	36	Solo
50960	Drag+1 RUNIC + ULUS3	drag+1 runic + ulus3	ED	1294	15598016	2416264	15	Solo
50956	Buried Cathedral -3	buried cathedral -3	RP	662	8924700	1295332	30	Solo
50940	Nimmersat -1 / Dragaozinho POS NERF	nimmersat -1 / dragaozinho pos nerf	MS	859	22221298	2423699	63	Solo
50915	Ice Library	ice library	ED	738	18430665	4460590	118	
50928	demons goroma 30m	demons goroma 30m	ED	474	1839677	654812	28	Solo
50929	Nimmersat -1 / Dragaozinho POS NERF	nimmersat -1 / dragaozinho pos nerf	MS	859	14286930	2002512	20	Solo
50927	Dragãozinho - Nimmersatt's Breeding Ground	dragãozinho - nimmersatt's breeding ground	ED	754	12462115	959817	59	Solo
50923	demons Oramond 30 minutes	demons oramond 30 minutes	ED	474	1248870	252470	60	Solo
50905	Glooth Plains - Surface	glooth plains - surface	EK	258	3088526	274212	30	Solo
50901	Demon Goroma	demon goroma	EK	351	1370272	498552	61	Solo
50898	Deathlings	deathlings	RP	662	8376428	1244164	30	Solo
50895	Deathlings	deathlings	RP	662	7648698	1129648	30	Solo
50887	Dragãozinho - Nimmersatt's Breeding Ground	dragãozinho - nimmersatt's breeding ground	ED	753	17884242	781424	41	Solo
50813	Norc West fork + wave	norc west fork + wave	ED	1294	16522994	1605600	30	Solo
50852	Megadragon	megadragon	ED	878	21054548	2094618	60	Solo
50850	Ingol -3 - POS NERF	ingol -3 - pos nerf	MS	859	12684678	1826247	61	Solo
50851	Nimmersatt MS solo	nimmersatt ms solo	MS	652	10926745	1618087	58	Solo
50808	Energy Library	energy library	EK	738	10740600	2293803	77	Team
50827	Azzilon Castle | Duo	azzilon castle duo	ED	683	12448874	2397377	59	Team
50799	Crumbling Caverns	crumbling caverns	RP	661	4988137	855000	32	Solo
50797	Azzilon Castle | Duo	azzilon castle duo	ED	682	12490782	2270311	61	Solo
50796	Ripper Spectre	ripper spectre	RP	661	8145711	1341083	42	Solo
50787	Azzilon Castle | Duo	azzilon castle duo	ED	682	12372706	2293071	60	Team
50790	Iks Last Stand (Entrance)	iks last stand	RP	661	15338840	1726357	26	Solo
50770	Norc EAST fork+wave	norc east fork+wave	ED	1294	25778005	2097203	60	Solo
50735	Ripper Spectre	ripper spectre	RP	567	5688525	639575	60	Solo
50755	Azzilon Castle | Duo	azzilon castle duo	ED	682	12161334	2235826	60	Team
50730	Grotto of the lost	grotto of the lost	EK	1071	6423983	2680984	62	Solo
50754	Nimmersat -1 / Dragaozinho POS NERF	nimmersat -1 / dragaozinho pos nerf	MS	858	13419911	2418608	91	Solo
50738	Book word -3 (Crusaders)	book word -3	ED	349	5947432	176549	23	Solo
50737	Dragãozinho - Nimmersatt's Breeding Ground	dragãozinho - nimmersatt's breeding ground	ED	753	13471868	992058	75	Solo
50691	Cobras	cobras	ED	734	19922552	2428959	121	Team
50692	Megadragon	megadragon	ED	877	14211672	2018280	60	Solo
50678	Warzone 4	warzone 4	RP	661	6831300	1240283	60	Solo
50666	Warzone 4	warzone 4	RP	660	7641720	1146297	60	Solo
50608	Cobras	cobras	ED	733	19731399	2560509	64	Team
50582	40 min hyeans -2 south	40 min hyeans -2 south	RP	277	2952220	340270	49	Solo
50607	buster spectre	buster spectre	EK	217	2230200	50034	40	Solo
50606	Sphinx	sphinx	EK	740	9402062	1058473	60	Solo
50575	lavas with prey	lavas with prey	ED	173	3774798	0	103	Solo
50574	Grim reaper Yalahar	grim reaper yalahar	RP	273	7795404	0	103	Solo
50576	Azzilon Castle | Duo	azzilon castle duo	ED	680	12247933	2345570	63	Team
50568	Fire Library	fire library	MS	1081	15160759	4849937	125	
50545	Cobras	cobras	ED	731	24500268	2643128	98	Team
50565	Catacombs West	catacombs west	RP	466	8693866	1452800	30	Solo
50561	Dragãozinho - Nimmersatt's Breeding Ground	dragãozinho - nimmersatt's breeding ground	ED	752	13822838	1200043	76	Solo
50546	[ED] Warzone 8	[ed] warzone 8	ED	1253	9145580	3805770	30	Solo
50542	[ED] Crypt Bounac	[ed] crypt bounac	ED	1253	16998336	1764604	30	Solo
50540	Crypt Warrior (crypt jaw)	crypt warrior	ED	1329	11214880	280	30	Solo
50555	SHELL DRAKE +20% DMG BOUNTY	shell drake +20% dmg bounty	ED	833	7239737	1289100	42	Solo
50539	Crypt Warrior (soulhexer)	crypt warrior	ED	1329	10947388	0	30	Solo
50531	[ED] Vamporc EAST	[ed] vamporc east	ED	1253	25434084	2123966	30	Solo
50529	[ED] Vamporc WEST	[ed] vamporc west	ED	1253	22738210	2288784	30	Solo
50699	Asura Mirror	asura mirror	EK	527	16669209	1010525	190	Solo
50488	Megadragon	megadragon	ED	874	29533677	2030698	60	Solo
52468	crypt	crypt	MS	596	20630350	1109650	197	Solo
50463	Dragãozinho - Nimmersatt's Breeding Ground	dragãozinho - nimmersatt's breeding ground	ED	751	31271962	1082593	59	Solo
50436	Falcon Eagle (20 % extra hit critical damage)	falcon eagle	ED	1327	12101670	0	20	Solo
50423	Crypt Warrior	crypt warrior	RP	657	31902258	1351715	111	Solo
50413	Wildlife Raid Oramond	wildlife raid oramond	RP	464	22733776	1981080	15	Solo
50410	buried -3	buried -3	RP	397	20577652	1985104	79	
50419	Gnomprona - Sparkling Pools - HZ 5	gnomprona - sparkling pools - hz 5	EK	1067	38075061	4984763	62	
50406	Wildlife Raid Oramond	wildlife raid oramond	RP	464	21433348	3828256	15	Solo
50391	Rootthing -1 Trio	rootthing -1 trio	ED	734	0	3100703	108	
50390	Rootthing -1 Trio	rootthing -1 trio	ED	734	29129262	3100703	108	
50383	Wildlife Raid Oramond	wildlife raid oramond	RP	463	21765580	3650060	15	Solo
50377	Wildlife Raid Oramond	wildlife raid oramond	RP	463	21949424	1769052	15	Solo
50364	Grim Reaper Yalahar	grim reaper yalahar	EK	253	10939500	305720	30	Solo
50359	Falcon Eagle (3% damage Base)	falcon eagle	ED	1325	12566745	0	20	Solo
50356	Falcon Eagle (3% critical hit chance)	falcon eagle	ED	1325	12422970	0	20	Solo
50360	Warzone 2	warzone 2	RP	657	16573274	917500	21	Solo
50351	Falcon Eagle (12% skill for damage spell)	falcon eagle	ED	1325	12665970	0	20	Solo
50332	buried -8	buried -8	RP	851	24414487	1534915	24	Solo
50358	Lycanthrope Grounds (Edron)	lycanthrope grounds	EK	253	4735274	300405	60	Solo
50335	Gazer Spectres	gazer spectres	RP	656	12631934	781334	30	Solo
50336	Burster Spectres	burster spectres	RP	657	17608500	546422	30	Solo
50328	iks occ (Mitmah Seers)	iks occ	RP	655	27286632	1151885	79	Solo
50323	Goanna Doble	goanna doble	EM	371	8928188	796498	198	
50318	Grim Reaper Yalahar	grim reaper yalahar	EK	247	11772750	221570	60	Solo
50312	Book World II	book world ii	EK	247	5264682	185912	30	Solo
50320	Energy Library	energy library	MS	1075	45744101	5472546	185	
50308	Nimmersatt's Breeding Ground (4% Earth Pierce)	nimmersatt's breeding ground	ED	1325	15946732	10800	30	Solo
50279	Dragãozinho - Nimmersatt's Breeding Ground	dragãozinho - nimmersatt's breeding ground	ED	746	33563915	0	63	Solo
50241	ashfalor -1	ashfalor -1	RP	849	36760215	2314629	64	Solo
50242	Sphinx / crypt warden	sphinx / crypt warden	EK	731	28946308	797501	114	Solo
50262	roothings	roothings	ED	1112	43690798	3176524	128	
50269	Nimmersatt's Breeding Ground (moon versao final)	nimmersatt's breeding ground	ED	1322	15556784	0	30	Solo
50276	Forgotten Crypt (outer)	forgotten crypt	EK	1023	71135416	6428226	93	
50315	Nimmersatt MS solo	nimmersatt ms solo	MS	634	35406900	2401422	300	Solo
50305	Nimmersatt MS solo	nimmersatt ms solo	MS	634	29297790	1574502	330	Solo
50249	catacomb x3, ms ek rp	catacomb x3, ms ek rp	MS	1182	48852978	4583082	75	
50250	Eu solo SS	eu solo ss	EM	369	7591865	452139	96	Solo
50244	iks occ (Mitmah Seers)	iks occ	RP	652	26962889	1165558	120	Solo
50219	Book Edron Cinder	book edron cinder	ED	522	7261117	1369988	16	Solo
50215	hunt catacomb inferniach x4. -3-4	hunt catacomb inferniach x4. -3-4	ED	1175	30462192	5313574	60	
50211	Goanna Issavi West	goanna issavi west	RP	572	16726748	2134719	35	Team
50187	True asuras	true asuras	ED	731	31222404	3276731	22	Team
50209	Dragãozinho - Nimmersatt's Breeding Ground	dragãozinho - nimmersatt's breeding ground	ED	745	16843007	1165508	63	Solo
50181	Wardragons	wardragons	ED	730	20281491	2254302	83	Team
50186	Forgotten Crypt (outer)	forgotten crypt	EK	1021	41967378	6031086	87	
50180	Rosh Mines (Terror/feversleep)	rosh mines	RP	652	12332020	1434490	30	Solo
50183	WZ 6 - MS	wz 6 - ms	MS	362	4302131	746880	58	Solo
50148	Rosh Mines (Terror/feversleep)	rosh mines	RP	651	11886752	1212755	31	Solo
50141	Crypt Warrior	crypt warrior	RP	650	17196859	1450107	62	Solo
50139	Flimsy lost soul - aminha PH - MS 360	flimsy lost soul - aminha ph - ms 360	MS	360	6449235	562551	39	Solo
50130	Book CAP IV	book cap iv	ED	522	10460210	923870	30	Solo
50096	Cobras	cobras	ED	729	19093309	2271783	23	Team
50116	Dragãozinho sem runa	dragãozinho sem runa	ED	744	16442659	1044580	65	Solo
50115	catacomb -3-4. x3 com ed	catacomb -3-4. x3 com ed	ED	1174	33442685	6843399	52	
50093	Wardragons	wardragons	ED	729	18149003	3047524	58	
50088	Carnivor -1-2-3	carnivor -1-2-3	MS	359	3842355	1090671	20	Solo
50092	Forgotten Crypt (outer)	forgotten crypt	EK	1019	24337592	3697918	201	
50089	Nimmersatt MS solo	nimmersatt ms solo	MS	633	19650378	2076381	60	Solo
50073	Crypt Warrior	crypt warrior	RP	650	17591236	1274315	22	Solo
50068	Crypt Warrior	crypt warrior	RP	650	17961400	1216677	22	Solo
50059	Nimmersat -1 / Dragaozinho	nimmersat -1 / dragaozinho	MS	855	27572257	2438631	118	Solo
50035	Fire Library	fire library	ED	726	29770279	5023624	150	
50048	Catacomb -3,-4	catacomb -3,-4	ED	1174	39339875	5577270	60	
49984	Book World Chapter 4	book world chapter 4	ED	487	9951037	1328471	27	Solo
50001	Grounds of Fire (Infernatil)	grounds of fire	ED	1203	16957437	2590768	26	Solo
49992	monster graveyard gnomprona	monster graveyard gnomprona	ED	1108	17652794	4364252	75	
49988	Crypt Warrior	crypt warrior	RP	649	15835635	1293356	61	Solo
49962	Ice Library	ice library	ED	723	28172736	5141048	112	
49965	Catacombs West	catacombs west	RP	461	13070153	1062270	36	Solo
49959	Golem Raid Oramond	golem raid oramond	RP	460	11981515	2928500	12	Solo
49929	Falcon Eagle	falcon eagle	ED	611	11452854	1759066	60	Solo
49922	Werelion -1	werelion -1	ED	545	8517944	1120872	31	Solo
49910	Crypt Warrior	crypt warrior	RP	649	15012865	1638236	40	Solo
49902	Catacombs West	catacombs west	RP	460	11654320	1027908	36	Solo
49896	Minotaur Raid Oramond	minotaur raid oramond	RP	460	13247465	2201144	11	Solo
49898	Nimmersat -1 / Dragaozinho	nimmersat -1 / dragaozinho	MS	853	27152854	2684170	65	Solo
49845	Book World Chapter 4	book world chapter 4	ED	483	9676262	1339569	26	Solo
49899	Energy Library	energy library	MS	1067	19245172	4483782	154	Solo
49875	Ice Library	ice library	ED	721	24407909	4430391	115	
49891	Golem Raid Oramond	golem raid oramond	RP	459	11633060	3588936	15	Solo
49889	Minotaur Raid Oramond	minotaur raid oramond	RP	459	11816601	1641027	11	Solo
49888	Piolho x3	piolho x3	ED	1172	27593816	3288407	66	
49883	Wildlife Raid Oramond	wildlife raid oramond	RP	458	15756523	3033633	11	Solo
49881	Catacombs East	catacombs east	RP	458	11286171	1176828	29	Solo
49876	Minotaur Raid Oramond	minotaur raid oramond	RP	458	12809153	3314493	9	Solo
49879	Roshamuul	roshamuul	RP	335	3012042	225686	21	Solo
49854	iks occ (Mitmah Seers)	iks occ	RP	648	19828304	1018030	30	Solo
49835	Ice Library	ice library	ED	720	30735949	4802844	69	
49850	werelions	werelions	RP	334	2118600	54808	24	Solo
49832	Energy Library	energy library	EK	1035	25379358	5544407	62	
49821	Catacombs West	catacombs west	RP	457	12360786	1077000	35	Solo
49817	Golem Raid Oramond	golem raid oramond	RP	457	12172324	2785372	15	Solo
49815	Golem Raid Oramond	golem raid oramond	RP	457	12874237	2603378	8	Solo
49808	Catacombs West	catacombs west	RP	456	12897516	753165	35	Solo
49807	Energy Library	energy library	MS	1063	31461628	5546212	143	
49782	Fire Library	fire library	ED	717	28324686	4666755	140	Solo
49797	Azzilon Castle | Duo	azzilon castle duo	ED	665	18296571	2318565	59	Team
49759	True asuras	true asuras	ED	717	15213008	3099313	79	Team
49765	Forgotten Crypt (outer)	forgotten crypt	EK	1013	36420691	5374580	86	
49766	Nimmersat -1 / Dragaozinho	nimmersat -1 / dragaozinho	MS	852	27074842	2519541	76	Solo
49760	Forgotten Crypt (outer)	forgotten crypt	EK	1013	33763610	4625605	85	
49750	Azzilon Castle | Duo	azzilon castle duo	ED	663	18617363	2398725	59	Team
49741	MS 540 Solo - Girtabilu	ms 540 solo - girtabilu	MS	540	5627982	1059558	62	Solo
49730	mini rosha	mini rosha	RP	334	2088214	405769	63	Solo
49723	Nimmersat -1 / Dragaozinho	nimmersat -1 / dragaozinho	MS	850	28729467	2526720	61	Solo
49691	Fire Library	fire library	ED	715	21273357	3527211	84	
49709	Catacombs West	catacombs west	RP	456	12610228	848446	34	Solo
49682	Azzilon Walls	azzilon walls	EK	637	14464403	1311754	60	Solo
49664	Trio gloom pillars	trio gloom pillars	RP	1564	59130057	9582222	63	
49671	Crypt Warrior	crypt warrior	RP	647	19410400	988915	60	Solo
49641	Feru way	feru way	RP	845	14563213	2221898	69	Solo
49669	Forgotten Crypt (outer)	forgotten crypt	EK	1012	32021744	5266745	95	
49660	Forgotten Crypt (outer)	forgotten crypt	EK	1012	31936866	4955449	81	
49634	Monster Graveyard	monster graveyard	RP	829	0	4097526	62	
49629	Monster Graveyard	monster graveyard	RP	829	16649681	4097526	62	
49622	Werecrocodiles -1	werecrocodiles -1	RP	455	7144123	586213	33	Solo
49635	Rootthings -2	rootthings -2	RP	829	0	3498194	100	
49597	Rootthings -2	rootthings -2	RP	829	31448750	3498194	100	
49614	Darklight X5	darklight x5	MS	1054	32089803	7861196	123	
49593	Fire Library	fire library	ED	712	30440715	4940271	136	
49604	Roothing podizilla -1	roothing podizilla -1	MS	728	21301752	4208321	65	
49568	True asuras	true asuras	ED	711	14857149	3330522	63	Team
49616	Nimmersatt MS solo	nimmersatt ms solo	MS	621	24006366	1973436	165	Solo
49585	Nimmersatt's Breeding Ground (Sanguine Rod Tier 3)	nimmersatt's breeding ground	ED	1319	14898118	0	30	Solo
49580	Nimmersatt's Breeding Ground (moon)	nimmersatt's breeding ground	ED	1319	14378036	12643	31	Solo
49564	Forgotten Crypt (outer)	forgotten crypt	EK	1010	28862695	4868510	118	
49551	Crypt Warrior	crypt warrior	RP	645	19961818	1358553	109	Solo
49530	Gazer Spectre	gazer spectre	RP	562	4364010	661515	60	Solo
49526	Goanna x4 - 6/24/2026	goanna x4 - 6/24/2026	EK	710	9540213	3534249	46	
49508	PLAGUE -1	plague -1	EK	1409	11304521	2678121	139	Solo
49497	goanna	goanna	EK	615	8594595	1467193	128	
49476	Crypt Warrior	crypt warrior	RP	644	10695857	1173567	60	Solo
49467	CARRINHO 3	carrinho 3	MS	1059	12238788	2059081	150	
49466	CARRINHO 3	carrinho 3	MS	1059	12238788	2059081	150	
49462	Catacombs West	catacombs west	RP	454	11913803	987473	36	Solo
49453	Azzilon	azzilon	EK	599	12264755	1605968	114	Team
49443	Nimmersatt MS solo	nimmersatt ms solo	MS	619	18911404	1907605	53	Solo
49417	Stag Bastion | Duo	stag bastion duo	ED	660	13169253	1971073	61	Team
49418	Nimmersat -1 / Dragaozinho	nimmersat -1 / dragaozinho	MS	848	19686699	2451053	61	Solo
49410	Falcon Bastion	falcon bastion	RP	644	12524734	1857859	31	Solo
49400	Golem Raid Oramond	golem raid oramond	RP	454	7309440	3411349	17	Solo
49365	Rosha west	rosha west	RP	843	17472311	2171409	52	Solo
49364	Fire Library	fire library	ED	708	20436871	4986755	105	
49319	Book World Chapter 3	book world chapter 3	ED	470	5961241	1058983	73	Solo
49327	Wardragons	wardragons	ED	708	12072656	3036011	54	
49335	Fury Oramond	fury oramond	MS	330	3934828	427993	32	Solo
49329	Stag Bastion | Duo	stag bastion duo	ED	659	10979012	1654183	62	Team
49310	Golem Raid Oramond	golem raid oramond	RP	453	7426487	3388256	14	Solo
49288	Rootings	rootings	EK	950	25229162	3840840	60	
49306	CARRINHO 3	carrinho 3	MS	1059	11668479	3094371	126	Solo
49287	Ice Library	ice library	ED	706	24828307	5554441	125	
49294	cobra bastion	cobra bastion	EK	652	18771766	795643	68	Solo
49267	True asuras	true asuras	ED	706	12192689	3481521	62	Team
49304	Nimmersat -1 / Dragaozinho	nimmersat -1 / dragaozinho	MS	846	18905040	2346574	89	Solo
49278	Rooting	rooting	ED	1225	19321185	1894218	87	Team
49231	Book World Chapter 3	book world chapter 3	ED	468	6104040	1039888	28	Solo
49271	Cobra Bastion -1	cobra bastion -1	EK	587	7869150	483366	30	Solo
49264	Brain Ground - Flimsy Venore	brain ground - flimsy venore	MS	845	20553643	1872173	60	Solo
49265	Rootthings -2 (Podzilla)	rootthings -2	EK	1008	25655705	4442631	82	
49256	Norcferatu East (fork)	norcferatu east	ED	1317	16621612	1793934	40	Solo
49255	Norcferatu East (Runa)	norcferatu east	ED	1317	13887135	1480376	40	Solo
49241	Falcon eagle	falcon eagle	RP	842	18113681	2061260	63	Solo
49268	Nimmersatt MS solo	nimmersatt ms solo	MS	615	11988522	1924281	60	Solo
49236	Golem Raid Oramond	golem raid oramond	RP	453	8057960	2231635	12	Solo
49234	Catacombs East	catacombs east	RP	453	7534130	669852	36	Solo
49232	Darklight x5	darklight x5	MS	1050	31891815	7086125	199	
49178	Crumbling Caverns	crumbling caverns	ED	467	5555794	1010887	51	Solo
49219	Golem Raid (Defiance)	golem raid	RP	452	7577455	3922955	12	Solo
49235	Raubriter Castle (Pos Update)	raubriter castle	EK	1217	19338396	1056952	65	Solo
49150	Court of Summer	court of summer	ED	467	5193000	911719	31	Solo
49207	Summer Court	summer court	ED	487	6017200	691661	56	Solo
49191	Nimmersat -1 / Dragaozinho	nimmersat -1 / dragaozinho	MS	844	21018562	2388354	51	Solo
49129	Werehyaenas South	werehyaenas south	ED	467	3594282	716587	17	Solo
49186	Nimmersat -1 / Dragaozinho	nimmersat -1 / dragaozinho	MS	844	11975034	2312803	61	Solo
49188	Nimmersatt	nimmersatt	MS	615	12862726	1911520	40	Solo
49173	Netherworld venore (fork)	netherworld venore	ED	1317	14097452	1261942	39	Solo
49183	Rootthings -2 (Podzilla)	rootthings -2	EK	1008	27149470	4357213	127	
49139	Azzilon castle	azzilon castle	RP	842	11023802	1036225	65	Solo
49172	Netherworld venore (Frigo 2)	netherworld venore	ED	1317	12232140	721901	44	Solo
49145	Crypt Warrior	crypt warrior	RP	643	11119577	1165276	62	Solo
49141	Crumbling Caverns	crumbling caverns	RP	643	5580525	946885	24	Solo
49135	Catacombs East (Defiance)	catacombs east	RP	452	8423331	714925	34	Solo
49137	Nimmersat -1 / Dragaozinho	nimmersat -1 / dragaozinho	MS	844	12275767	2317865	51	Solo
49109	Fire Library	fire library	ED	704	17895759	4567631	132	
49048	Book World Chapter 3	book world chapter 3	ED	466	5941848	1025775	31	Solo
49116	gazer sceptre	gazer sceptre	ED	180	3708180	272654	30	Solo
49064	ashfalor -1	ashfalor -1	RP	841	11069607	2537274	48	Solo
49108	Mitmah / FORKS	mitmah / forks	ED	661	7076826	1474555	62	Solo
49093	Ravenous Lava Lurker	ravenous lava lurker	ED	217	4497300	0	28	Solo
49117	gazer sceptre	gazer sceptre	ED	180	3586102	278794	35	Solo
49088	NORC DIREITA	norc direita	ED	843	20061853	1594744	60	Solo
49027	Crumbling Caverns	crumbling caverns	ED	465	5481371	1085252	53	Solo
49050	Wardragons	wardragons	ED	704	11131435	2877643	70	
49039	jaded big lap	jaded big lap	MS	1431	55850968	12192050	88	
49066	Banuta -4	banuta -4	RP	244	1512978	1221139	112	
49030	Upper Rosha	upper rosha	RP	841	18557587	2200961	58	Solo
49045	Falcon (Fork)	falcon	ED	1317	11697030	2459655	60	Solo
49046	Falcon (Fork)	falcon	ED	1317	11697030	2459655	60	Solo
49044	Falcon (Ava + fork)	falcon	ED	1317	10938450	2183104	60	Solo
49062	Cobras SS - PTZONA DA PORRA	cobras ss - ptzona da porra	EM	363	0	925449	104	
49036	mini rosha	mini rosha	RP	330	1118875	356841	77	Solo
48986	Upper Rosh nort-south	upper rosh nort-south	RP	840	12023288	1887263	50	Solo
48955	Crumbling Caverns	crumbling caverns	ED	465	5242623	1047942	65	Solo
49020	Darklight X5	darklight x5	MS	1046	26263747	6795722	130	
49021	Brain Ground - Flimsy Venore	brain ground - flimsy venore	MS	843	13264321	1983666	130	Solo
48971	2h gloom	2h gloom	EM	1285	56056408	14042619	125	Solo
48935	Roshamuul West	roshamuul west	RP	491	15774332	1795163	60	Solo
48993	asura	asura	RP	330	1106094	201330	10	Solo
48969	Ravenous Lava Lurker	ravenous lava lurker	ED	216	4526321	0	29	Solo
48956	Energy Library	energy library	ED	913	15731789	3923597	65	Team
48953	NORC DIREITA	norc direita	ED	841	16313692	1247296	30	Solo
48944	Ingol -3 (Ava)	ingol -3	ED	1316	11814288	1547341	41	Solo
48962	Falcon	falcon	MS	611	10497985	2245928	85	Solo
48985	Falcon	falcon	MS	611	10526275	2191948	150	Solo
48943	Ingol -3 (fork)	ingol -3	ED	1316	15101916	1106099	41	Solo
48934	Crypt Warrior	crypt warrior	RP	642	15186018	1135029	60	Solo
48926	Flimsy PH - Netherworld	flimsy ph - netherworld	MS	842	10659863	1387061	105	Solo
48880	Fire Library	fire library	ED	702	19439252	4728962	106	
48902	Inferniarch - dia 2 do balanceamento	inferniarch - dia 2 do balanceamento	ED	745	8681106	2116308	55	Team
48891	FIRE LIBRARY	fire library	ED	841	21629270	5836489	79	
48885	Crumbling Caverns	crumbling caverns	ED	233	3746985	677706	124	Solo
48859	Megadragon	megadragon	ED	840	12177051	1786443	61	Solo
48852	Crypt Warrior	crypt warrior	RP	641	11950862	1131409	21	Solo
48842	Crumbling Caverns	crumbling caverns	ED	232	3629138	685368	65	Solo
48836	Azzilon Castle (Fork)	azzilon castle	ED	1316	14077133	1615688	59	Solo
48835	Azzilon Castle (Ava + Fork)	azzilon castle	ED	1316	12874638	1463146	59	Solo
48828	Burster Spectres	burster spectres	RP	641	7121250	553868	16	Solo
48826	iks occ (Mitmah Seers)	iks occ	RP	641	12113748	1137678	27	Solo
48822	Crumbling Caverns	crumbling caverns	RP	641	6501645	1150387	59	Solo
48792	Norc castle after voc update	norc castle after voc update	EK	691	18019371	1482495	62	Solo
48788	Ice Library	ice library	ED	701	16830214	4209719	98	
48805	Energy Library	energy library	MS	1054	15816244	5231298	134	
48769	Carnivors	carnivors	RP	640	3115806	1043874	10	Solo
48766	iks occ (Mitmah Seers)	iks occ	RP	640	8337483	953524	31	Solo
48753	Ice library	ice library	MS	712	11297576	4190694	52	
48750	Dragao (pós balanceamento) Forks	dragao forks	ED	1315	10091654	2098041	60	Solo
48747	Dragao (pós balanceamento) UE de Gelo	dragao ue de gelo	ED	1315	13700494	2126999	60	Solo
48741	Dragão 1h pós balanceamento	dragão 1h pós balanceamento	ED	1315	13864900	2119307	61	Solo
48740	Dragao (pós balanceamento)	dragao	ED	1315	14248152	1714684	29	Solo
48743	iks occ (Mitmah Seers)	iks occ	RP	640	8691896	1108972	31	Solo
48709	Dragao (pre balanceamento)	dragao	ED	1315	13354335	1952342	32	Solo
48699	mini rosha	mini rosha	RP	329	606870	229271	44	Solo
48693	Flimsy PH - Netherworld	flimsy ph - netherworld	MS	840	18011807	1173064	61	Solo
48686	ingol -2	ingol -2	MS	1157	12201962	3385403	68	Solo
48670	Rootthings -2 (Podzilla)	rootthings -2	EK	1007	26999090	3268096	62	
48660	iks occ (Mitmah Seers)	iks occ	RP	639	12810881	866426	53	Solo
48658	Crypt Warrior	crypt warrior	RP	639	14451525	1090239	28	Solo
48656	putrid mummy	putrid mummy	RP	329	398734	252119	57	Solo
48655	Flimsy PH - Netherworld	flimsy ph - netherworld	MS	839	12299021	913655	60	Solo
48647	Bultaur Lair -2 EK+ED	bultaur lair -2 ek+ed	ED	1119	10236846	2998996	94	Team
48652	Brain Ground - Flimsy Venore	brain ground - flimsy venore	MS	838	18679258	1206542	59	Solo
48651	mini rosha	mini rosha	RP	328	827742	314743	35	Solo
48650	Demons Edron	demons edron	RP	328	473050	76554	56	Solo
48628	Dessert Dungeon	dessert dungeon	RP	638	5904175	551173	55	Solo
48626	Warzone 6	warzone 6	RP	638	6880488	1453644	30	Solo
48613	Inferniach terreo +1	inferniach terreo +1	EK	606	0	573962	138	
48588	Rosh Mines (Terror/feversleep)	rosh mines	RP	637	9948609	1384610	120	Solo
48572	Fire Library	fire library	ED	699	17021570	3296586	117	
48581	Norcferatu -3 & -4	norcferatu -3 & -4	EK	1006	14625602	2033241	89	Team
48529	Bashmu	bashmu	RP	839	6759036	1911588	53	Solo
48522	Ice Library	ice library	ED	698	17479606	3606178	97	
48541	Brain Ground - Flimsy Venore	brain ground - flimsy venore	MS	837	18295038	1253590	60	Solo
48495	Weretigers -2	weretigers -2	RP	557	4728355	586194	60	Solo
48491	Fire Library	fire library	ED	696	18347372	3417477	114	Solo
48474	Norc castle	norc castle	RP	837	20051144	1512819	58	Solo
48479	GT	gt	EK	963	3917016	1633511	211	Solo
48477	Carrinho 3 Esquerda	carrinho 3 esquerda	ED	1314	24465661	0	89	
48471	ashfalor -1	ashfalor -1	RP	837	9813957	1358883	57	Solo
48466	BOOK WORLD CH 4	book world ch 4	EK	1049	4960219	821480	43	Solo
48469	Brain Ground - Flimsy Venore	brain ground - flimsy venore	MS	837	19244295	1247510	60	Solo
48449	TASKS	tasks	ED	696	3981833	1053683	76	Team
48446	iks occ (Mitmah Seers)	iks occ	RP	636	12004867	930722	25	Solo
48439	ashfalor -1	ashfalor -1	RP	836	18124293	2081800	52	Solo
48424	Rapid| Crypt Warrior	rapid crypt warrior	RP	636	15952966	735848	30	Solo
48423	Rapid| Lower Rosh	rapid lower rosh	RP	635	7390743	1033192	39	Solo
48399	ashfalor -1 rapid	ashfalor -1 rapid	RP	835	17169164	1965710	49	Solo
48405	Falcon	falcon	MS	612	9555319	1509412	60	Solo
48400	Rapid| Iks Entrance (Iks Yapunac)	rapid iks entrance	RP	635	9184619	1538993	60	Solo
48387	Ingol -3 (05.06.2026)	ingol -3	RP	1185	25352514	5911890	150	
48337	Rapid| Werelions -1	rapid werelions -1	RP	634	10980200	979577	35	Solo
48332	Flimsy PH - Netherworld	flimsy ph - netherworld	MS	835	18052413	1133060	66	Solo
48328	Ingol -3 (04.06.2026)	ingol -3	EK	1200	18223037	5118592	125	
48314	—	—	RP	834	15033356	1759550	63	Solo
48320	iks occ (Mitmah Seers)	iks occ	RP	634	11945985	891035	24	Solo
48297	ashfalor -1	ashfalor -1	RP	833	9349295	1730632	60	Solo
48295	Azilon	azilon	ED	803	15078393	2466341	100	
48302	Crypt Warrior	crypt warrior	RP	633	11965483	765628	32	Solo
48299	Nagas	nagas	RP	633	9042890	714637	45	Solo
48288	Ingol -3 (03.06.2026)	ingol -3	EK	1199	19343886	5331861	127	
48262	Ripper Spectre	ripper spectre	ED	200	0	160565	51	
48269	Crypt Warrior	crypt warrior	RP	632	10138500	1162414	30	Solo
48270	Warzone 5	warzone 5	EK	573	9113255	1048787	133	Solo
48265	Book World Ch 4	book world ch 4	RP	632	8082740	890040	33	Solo
48259	iks occ (Mitmah Seers)	iks occ	RP	632	14873860	879598	31	Solo
48229	Ice Library	ice library	ED	694	17728725	4037973	79	
48245	Flimsy PH - Netherworld	flimsy ph - netherworld	MS	835	17660574	1261254	64	Solo
48243	Ingol -3 (02.06.2026)	ingol -3	EK	1198	22740003	5330797	124	
48212	Crypt Warrior	crypt warrior	RP	632	8813707	877469	53	Solo
48197	Ice Library	ice library	ED	693	17801390	4107865	102	
48203	Ingol -3 (01.06.2026)	ingol -3	EK	1197	20783860	5414564	124	
48180	Flimsy PH - Netherworld	flimsy ph - netherworld	MS	834	18170373	1216752	62	Solo
48179	Crypt Warrior	crypt warrior	RP	631	10620725	782560	60	Solo
48165	Ice / Fire Library	ice / fire library	ED	692	14721769	3199845	129	Solo
48172	Flimsy PH - Netherworld	flimsy ph - netherworld	MS	833	18029517	1070614	60	Solo
48142	Oramond Cata (West & Center)	oramond cata	RP	630	11969636	1063084	60	Solo
48135	Flimsy PH - Netherworld	flimsy ph - netherworld	MS	833	12110008	1161406	64	Solo
48108	Burning Gladiators	burning gladiators	ED	691	6907253	1316130	46	Team
48122	Flimsy PH - Netherworld	flimsy ph - netherworld	MS	832	18171327	1285294	60	Solo
48112	Dragãozinho (30.05.2026)	dragãozinho	EK	1197	0	3374434	109	
48113	GT	gt	EK	960	3166579	1315424	233	Solo
48107	Rootthings -2 (Podzilla)	rootthings -2	EK	1001	27903521	3444117	65	
48098	Rosh Mines (Terror/feversleep)	rosh mines	RP	629	7575526	1382149	60	Solo
48096	Rosh Mines (Terror/feversleep)	rosh mines	RP	629	11607619	1227913	60	Solo
48085	Ingol -3 (29.05.2026)	ingol -3	EK	1196	0	5019397	116	
48084	GT	gt	EK	959	3686480	1607492	104	Solo
48061	Upper Rosha south	upper rosha south	RP	831	13966336	2016270	50	Solo
48076	GT	gt	EK	959	3797456	1536028	102	Solo
48062	Yalahar Grim	yalahar grim	RP	628	7562479	147966	28	Solo
48048	Energy Library	energy library	EK	1010	21660574	4364407	61	
48045	Summer Court ED 654	summer court ed 654	ED	654	7148641	646830	63	Solo
48030	Ice Library	ice library	ED	690	17098339	3418183	104	
48041	cobra mines	cobra mines	EM	582	7997387	321188	60	Solo
48019	Iks Last Stand (Entrance)	iks last stand	RP	628	14577262	1500876	27	Solo
47999	Quara (bestiary)	quara	MS	1200	14827378	768807	64	Solo
47998	Warzone 4	warzone 4	RP	627	7242058	951439	60	Solo
47970	Fire Library	fire library	EK	691	16542460	3128483	108	
47988	Ingol -3 (27.05.2026)	ingol -3	EK	1195	20573815	5485344	126	
47960	GT	gt	EK	958	3941534	1593993	101	Solo
47959	—	—	MS	570	5287143	1703626	64	Solo
47956	Goanna x4	goanna x4	EK	510	9633064	1540243	126	
47955	Goanna x4	goanna x4	EK	510	8888873	1540243	126	
47930	Fire Library	fire library	ED	688	14353520	3095524	111	
47902	Fire Library x4	fire library x4	ED	882	20952438	4634370	141	
47881	Ice Library	ice library	ED	687	16842346	3825677	92	
47866	Fire Library	fire library	EK	997	10955072	5521469	62	
47859	Fire Library	fire library	EK	997	22408383	4925314	68	
47855	Rosh Mines (Terror/feversleep)	rosh mines	RP	627	9206029	1426759	22	Solo
47850	Brain Ground - Flimsy Venore	brain ground - flimsy venore	MS	829	12554895	1321951	122	Solo
47832	Fire Library	fire library	ED	686	13297953	2752924	118	
47836	Rosh Mines (Terror/feversleep)	rosh mines	RP	626	10112370	1255578	30	Solo
47822	Brain Ground - Flimsy Venore	brain ground - flimsy venore	MS	828	11745979	1289411	53	Solo
47817	Azzilon Castle | x2	azzilon castle x2	ED	646	10120843	1554731	62	Team
47810	Flimsy Venore	flimsy venore	RP	626	7957715	0	24	Solo
47809	Deathlings	deathlings	RP	626	8141982	1139260	54	Solo
47786	Rootthings -2 (Podzilla)	rootthings -2	EK	995	26697547	3172880	63	
47783	Nagas	nagas	RP	625	7338514	784696	84	Solo
47770	Rosh Mines (Terror/feversleep)	rosh mines	RP	625	6617203	1093519	60	Solo
47767	Brain Ground - Flimsy Venore	brain ground - flimsy venore	MS	827	11201406	1116517	60	Solo
47754	True asuras	true asuras	ED	1116	7940213	2397974	116	Team
47766	Ingol -3 (22.05.2026)	ingol -3	EK	1194	22858740	5688934	127	
47757	Warzone 6	warzone 6	RP	624	4967403	964253	60	Solo
47748	Exotic Cave	exotic cave	EK	147	746934	0	33	Solo
47740	Rotten Wasteland SE ND	rotten wasteland se nd	ED	1313	10215002	2894525	74	
47736	Rootthings -2 (Podzilla)	rootthings -2	EK	994	26859269	3010219	62	
47726	Golem Catas	golem catas	RP	582	3807409	575694	47	Solo
47707	Fire Library	fire library	ED	685	13749127	2473937	105	
47718	Energy Library	energy library	RP	852	16483338	3143654	150	
47717	Energy Library	energy library	RP	852	18353257	3143654	150	
47715	Ingol -3 (21.05.2026)	ingol -3	EK	1193	23118257	5564670	127	
47686	Iks Last Stand (Entrance)	iks last stand	RP	624	8886076	1398146	30	Solo
47660	Fire Library	fire library	ED	684	10479409	3207236	81	Solo
47676	Ingol -3 (20.05.2026)	ingol -3	EK	1192	32740306	5049748	175	
47652	x3| Azz Walls	x3 azz walls	EK	494	5553658	680374	42	
47649	iks occ (Mitmah Seers)	iks occ	RP	623	19705971	908851	60	Solo
47643	Weretigers -2	weretigers -2	RP	621	11679748	1106418	36	Solo
47642	Crypt Warrior	crypt warrior	RP	621	14279196	669201	23	Solo
47641	Nagas	nagas	RP	621	11405320	836500	65	Solo
47612	Ice Library	ice library	ED	683	0	4021058	72	
47631	Energy Library	energy library	RP	849	26066476	3912447	123	
47630	Energy Library	energy library	RP	849	26513280	3912447	123	
47627	Ingol -3 (19.05.2026)	ingol -3	EK	1191	0	4843878	150	
47621	Nimmersatt's Breeding Ground - #Soulhexer	nimmersatt's breeding ground - #soulhexer	ED	1312	19861994	1782472	30	Solo
47620	Nimmersatt's Breeding Ground # crypt jaw	nimmersatt's breeding ground # crypt jaw	ED	1312	19750190	1569943	31	Solo
47595	Upper Rosh balistic	upper rosh balistic	RP	826	22651810	1783800	56	Solo
47571	Cobras	cobras	ED	683	9433799	1857019	66	
47588	Energy Library	energy library	RP	847	25572410	3463925	156	
47586	Energy Library	energy library	RP	847	26388524	3463925	156	
47581	Ingol -3 (18.05.2026)	ingol -3	EK	1189	23581611	3497314	177	
47574	Warzone 6 - Task Area	warzone 6 - task area	MS	399	2908933	431100	18	Solo
47578	WZ 8	wz 8	EK	1174	12323466	2512180	120	Solo
47552	Falcon	falcon	MS	593	10557440	1414522	43	Solo
47548	Rootthings -2 (Podzilla)	rootthings -2	EK	990	34413589	3218840	88	
47545	Flimsy Venore	flimsy venore	RP	621	12600755	723831	27	Solo
47516	Ice Library	ice library	ED	682	21325999	3512137	77	
47532	Energy Library	energy library	RP	845	26572003	3655252	149	
47531	Energy Library	energy library	RP	845	22571446	3679973	148	
47523	mitmah seer	mitmah seer	EM	570	13712841	736778	61	Solo
47522	Flimsy PH - Netherworld	flimsy ph - netherworld	MS	822	25586083	1465776	57	Solo
47490	DT -1 (DT BOUNTY)	dt -1	EK	1173	12515665	2163945	67	Solo
47482	Deeper banuta -1	deeper banuta -1	MS	399	2743526	82646	63	Solo
47480	Crypt Warrior	crypt warrior	RP	620	14167850	301520	30	Solo
47453	Azzilion castle	azzilion castle	RP	693	13763068	1203503	65	
47465	WZ 8 (SD BOUNTY)	wz 8	EK	1173	7846098	2512394	92	Solo
47462	Ingol -3 (16.05.2026)	ingol -3	EK	1188	24347143	3947708	157	
47458	WZ 8 (SD BOUNTY)	wz 8	EK	1173	12565218	2756011	62	Solo
47445	Hellspawn	hellspawn	MS	399	2852383	113608	41	Solo
47436	Rootthings -2 (Podzilla)	rootthings -2	EK	986	34689483	3285535	86	
47438	Crypt Warrior Yselda	crypt warrior yselda	MS	590	14343770	397718	60	Solo
47433	Rootthings -2 (Podzilla)	rootthings -2	EK	986	38421769	3516203	92	
47423	DT -1 (VEX BOUNTY)	dt -1	EK	1172	13437528	1952791	61	Solo
47417	iks occ (Mitmah Seers)	iks occ	RP	619	15387130	797811	33	Solo
47415	Iks Last Stand (Entrance)	iks last stand	RP	619	13814022	1226022	20	Solo
47380	Ice Library	ice library	ED	681	14061510	3901986	88	
47400	Energy Library x4	energy library x4	MS	667	25743316	3589239	151	
47408	Energy Library	energy library	MS	670	28338223	3611598	150	
47394	Ingol -3 (13.02.2026)	ingol -3	EK	1187	25937561	3744616	194	
47390	Buried Cathedral -3	buried cathedral -3	ED	336	8692920	862358	64	Team
47374	Iks Last Stand (Entrance)	iks last stand	RP	618	13620498	1206238	32	Solo
47363	Rootthings -2 (Podzilla)	rootthings -2	EK	984	31770138	3186873	89	
47353	Rootthings -2 (Podzilla)	rootthings -2	EK	984	32988994	3583308	90	
47350	Flimsy Venore	flimsy venore	RP	618	15317257	626640	27	Solo
47343	Ingol Surface	ingol surface	MS	818	11118650	1774187	121	Solo
47313	Ice Library	ice library	ED	680	19370724	3160794	110	
47333	Ingol -3 (14.05.2026)	ingol -3	EK	1186	23480882	3319287	151	
47329	Buried Cathedral -3	buried cathedral -3	ED	334	8403472	663166	77	Team
47317	Ice Library	ice library	ED	458	17286015	2418298	81	
47324	mitmah	mitmah	EM	564	13440128	658597	41	Solo
47301	Monster Graveyard West	monster graveyard west	ED	1309	30227971	3412626	137	
47290	WZ 8	wz 8	EK	1171	7655236	2364772	43	Solo
47295	iks occ (Mitmah Seers)	iks occ	RP	618	14224529	792116	33	Solo
47287	WZ 8 (BOUNTY + LOOT PREY)	wz 8	EK	1171	8349373	2562281	122	Solo
47272	Norc tower	norc tower	EK	1133	11358127	1121355	33	Solo
47273	DT -1 (DT BOUNTY)	dt -1	EK	1171	6582217	1557472	63	Solo
47277	Flimsy PH - Netherworld	flimsy ph - netherworld	MS	816	17920149	1449902	60	Solo
47254	Ice Library	ice library	ED	677	18827179	3820845	142	
47229	Ingol -3	ingol -3	MS	1192	15245673	2867138	63	Solo
47224	Ingol -3	ingol -3	MS	1192	24433259	2543848	62	Solo
47200	Azzilion castle	azzilion castle	RP	688	12479897	1141564	78	
47212	Ingol -3 (12.05.2026)	ingol -3	RP	1051	25128404	5300515	121	
47199	GT	gt	EK	952	3938100	1719582	94	Solo
47192	iks occ (Mitmah Seers)	iks occ	RP	617	15889788	1017128	30	Solo
47177	Energy Library x4	energy library x4	MS	661	19123469	4022375	125	
47162	Azzilion castle	azzilion castle	RP	687	10302027	1105731	118	
47174	Ingol -3 (11.05.2026)	ingol -3	RP	1050	26890652	5248901	123	
47169	Catacombs West	catacombs west	RP	450	11414148	1620500	27	Solo
47152	GT	gt	EK	951	3867001	1673497	94	Solo
47148	Ingol -2	ingol -2	MS	1191	14039907	2498387	67	Solo
47144	GT	gt	EK	951	3804353	1766829	90	Solo
47143	Crumbling Caverns	crumbling caverns	RP	617	9619017	544788	26	Solo
47140	Oramond Furys	oramond furys	RP	617	8416847	1272561	28	Solo
47139	GT	gt	EK	951	3868918	1720516	93	Solo
47134	GT	gt	EK	951	4309140	1637380	91	Solo
47122	Energy Library	energy library	MS	660	18233731	4460369	122	
47117	GT	gt	EK	950	3421795	1413301	180	Solo
47115	Flimsy PH - Netherworld	flimsy ph - netherworld	MS	814	14433405	1264967	60	Solo
47101	Nimmersatt's Breeding Ground	nimmersatt's breeding ground	ED	1307	13273362	1694866	35	Solo
47094	EM 300+ WERETIGER -2	em 300+ weretiger -2	EM	300	5445913	238778	55	Solo
47082	Warzone 6	warzone 6	RP	616	6429601	792896	45	Solo
47061	Nagas	nagas	RP	685	5765510	885256	73	Team
47072	Energy Library	energy library	MS	657	16736392	3718180	132	
47058	Werehyaena	werehyaena	MS	142	1044019	189355	77	
47070	GT	gt	EK	949	5703930	1715020	90	Solo
47074	Falcon	falcon	MS	583	7141303	1018362	180	Solo
47051	Norcferatu East	norcferatu east	ED	1307	13512069	1170567	38	Solo
47046	Flimsy PH - Netherworld	flimsy ph - netherworld	MS	813	18367300	1273259	62	Solo
47037	iks occ (Mitmah Seers)	iks occ	RP	615	10741567	1036898	70	Solo
47014	Azzilion castle	azzilion castle	RP	684	6852428	862872	93	
47028	Energy Library	energy library	MS	657	20773062	3521538	123	
47027	Ingol -3 (08.05.2026)	ingol -3	RP	1049	22252880	5069250	126	
47012	GT	gt	EK	949	5305866	1463767	106	Solo
47008	GT	gt	EK	949	5583265	1514523	86	Solo
47009	Deathlings	deathlings	RP	615	9362362	997696	42	Solo
46999	Outer Crypt	outer crypt	ED	953	22315586	2807637	69	
46994	iks occ (Mitmah Seers)	iks occ	RP	614	10170416	847112	30	Solo
46987	Diremaw (Warzone 6 Task)	diremaw	RP	614	9679191	974793	44	Solo
46984	Catacombs East	catacombs east	RP	450	5818747	696887	38	Solo
46965	Ice Library	ice library	ED	677	15703291	3903474	72	
46980	Energy Library x4	energy library x4	MS	653	18811370	3650630	124	
46978	Ingol -3 (07.05.2026)	ingol -3	RP	1048	22958402	5128420	122	
46935	Energy Library	energy library	MS	653	19484832	3369356	130	
46922	Ice Library	ice library	ED	675	8943154	3943279	121	
46932	Ingol -3 (06.05.2026)	ingol -3	RP	1046	22220383	5275149	127	
46909	Weretiger -1	weretiger -1	EM	350	2719699	324016	60	Solo
46883	Ice Library	ice library	ED	674	17721924	3880386	91	
46894	Ingol -3 (05.05.2026)	ingol -3	RP	1045	22768054	5529397	122	
46872	Rosh Bones	rosh bones	RP	613	9168028	841856	30	Solo
46869	Brain Ground - Flimsy Venore	brain ground - flimsy venore	MS	813	11093135	979404	62	Solo
46867	Energy Library x4	energy library x4	MS	647	22530658	3694561	109	
46864	Ingol -3 (04.05.2026)	ingol -3	RP	1044	25386386	5642690	123	
46850	Norcferatu East	norcferatu east	ED	1307	14592133	1343592	45	Solo
46846	Norcferatu East	norcferatu east	ED	1307	13929957	1066381	46	Solo
46845	Flimsy PH - Netherworld	flimsy ph - netherworld	MS	813	14716811	1398429	60	Solo
46839	Lower Spikes -8 (Lost Basher, Usher, Vulcongras)	lower spikes -8	ED	369	7227480	503940	12	Solo
46826	Ice Library	ice library	ED	669	27822293	3707546	171	
46835	Rootthings -2 (Podzilla)	rootthings -2	EK	975	31654994	2995384	114	
46817	werelions	werelions	EK	306	3486840	432491	54	
46816	werelions	werelions	EK	306	0	432491	54	
46841	Falcon	falcon	MS	580	11132266	1006951	150	Solo
46824	Ingol -3 (03.05.2026) ~ Double	ingol -3 ~ double	MS	1029	0	5118554	192	
46804	Falcon Eagle	falcon eagle	ED	1306	18057808	1626038	56	Solo
46801	catedral -3	catedral -3	EK	416	14542730	1360967	146	
46785	DOUBLE| iks occ (Mitmah Seers)	double iks occ	RP	611	19672046	863794	120	Solo
46802	Energy Library	energy library	MS	644	32923907	3475963	197	
46773	ice library	ice library	ED	666	25930239	3423137	143	
46774	Ingol -3 (02.05.2026) ~ Double	ingol -3 ~ double	RP	1041	39452842	4965745	188	
46757	Rootthings -2 (Podzilla)	rootthings -2	EK	968	48887766	3593420	79	
46748	—	—	ED	165	2014720	0	36	Team
46752	DOUBLE| Rosh Mines (Terror/feversleep)	double rosh mines	RP	610	14432136	1286633	60	Solo
46734	ice library	ice library	ED	664	20474113	3416738	202	
46742	Energy Library	energy library	MS	636	32612015	3649482	200	
46741	Energy Library x4	energy library x4	MS	636	29007835	3159725	231	Solo
46733	Ingol -3 (01.05.2026) ~ Double	ingol -3 ~ double	RP	1036	0	4757461	204	
46715	DOUBLE| Lower Rosh	double lower rosh	RP	610	12472564	929971	60	Solo
46714	Rootthings -2 (Podzilla)	rootthings -2	EK	965	47164938	3617604	60	
46711	catedral -3	catedral -3	EK	412	0	957003	71	
46707	Rootthings -2 (Podzilla)	rootthings -2	EK	965	50562118	3475246	122	
46701	DOUBLE| iks occ (Mitmah Seers)	double iks occ	RP	607	19949799	796890	120	Solo
46697	Energy Library	energy library	ED	865	27106007	3265974	125	
46689	Ingol -3 (30.04.2026)	ingol -3	RP	1035	22288778	5136971	125	
46667	Dark Cathedral -3	dark cathedral -3	ED	360	5632147	290496	25	
46669	Asura Mirror	asura mirror	EK	586	8238942	1102522	61	Solo
46661	Prision -3	prision -3	EK	775	7085735	1359463	76	Solo
46650	Ice Library	ice library	ED	660	17770242	4503771	77	
46660	Energy Library x4	energy library x4	MS	701	14411738	3444876	121	
46658	Ingol -3 (29.04.2026)	ingol -3	RP	1033	0	5144076	129	
46600	Ice Library	ice library	ED	699	18381476	4765000	65	
46614	Energy Library	energy library	MS	633	21339845	3465656	124	
46613	Energy Library x4	energy library x4	MS	633	15080812	3465656	124	
46611	Ingol -3 (28.04.2026)	ingol -3	RP	1033	0	5002146	127	
46584	Nagas	nagas	RP	607	7963911	914689	68	Solo
46577	Energy Library	energy library	MS	630	18365860	3358002	138	
46576	Energy Library x4	energy library x4	MS	628	16102722	3384886	137	
46574	Ingol -3 (27.04.2026)	ingol -3	RP	1031	0	5252167	92	
46552	Dessert Dungeon	dessert dungeon	RP	606	6794727	434710	41	Solo
46550	catedral -3	catedral -3	MS	320	9160682	1344724	69	
46548	Rootthings -2 (Podzilla)	rootthings -2	EK	959	23068430	2730176	63	
46534	iks occ (Mitmah Seers)	iks occ	RP	605	13958806	973503	60	Solo
46529	Energy Library x4	energy library x4	MS	626	14875095	3143925	127	
46530	Energy Library	energy library	MS	626	19178096	3119363	128	
46518	Ice Library	ice library	ED	657	19709146	3792452	121	
46509	Falcon	falcon	MS	574	6818327	536120	97	Solo
46492	Werecroc -1	werecroc -1	RP	604	9327358	1055397	60	Solo
46478	Ice Library	ice library	ED	657	16301296	3527541	108	
46460	Werecroc -1	werecroc -1	RP	604	10060918	1075667	36	Solo
46458	iks occ (Mitmah Seers)	iks occ	RP	604	9710610	964087	34	Solo
46453	Energy Library	energy library	MS	698	19022431	2972333	134	
46452	Energy Library x4	energy library x4	MS	698	14355840	2929699	136	
46433	Ice Library	ice library	ED	655	16403375	3587777	117	
46451	Ingol -3 (24.04.2026)	ingol -3	RP	1030	0	5410911	122	
46448	Buried Cathedral -3	buried cathedral -3	ED	296	4318345	731110	59	Solo
46445	nigthmare isle	nigthmare isle	EK	883	7002097	1420266	60	Solo
46427	catedral -3	catedral -3	MS	313	8682534	1145337	71	
46425	x3| Crypt Warrior	x3 crypt warrior	ED	448	4492065	659445	32	
46417	Werelions -2	werelions -2	RP	603	5346970	708123	39	Solo
46409	Iks Last Stand (Entrance)	iks last stand	RP	603	8219048	957058	29	Solo
46407	Warzone 5	warzone 5	RP	603	7754462	805273	28	Solo
46402	Energy Library x4	energy library x4	MS	624	17685002	2784523	123	
46457	Energy Library x4	energy library x4	MS	625	0	2784523	123	
46397	Ingol -3 (23.04.2026)	ingol -3	RP	1029	0	5053205	125	
46374	iks occ (Mitmah Seers)	iks occ	RP	603	9721778	808116	30	Solo
46365	Diremaw (Warzone 6 Task)	diremaw	RP	602	5451120	868095	37	Solo
46355	Werecroc -1	werecroc -1	RP	602	6762984	886232	50	Solo
46350	Energy Library x4	energy library x4	MS	621	18321428	3222817	138	
46352	Energy Library	energy library	MS	623	17979346	3222817	138	
46340	Ice Library	ice library	ED	654	14900078	3569030	101	
46336	dt seal	dt seal	ED	678	8821201	1460937	63	Team
46347	Ingol -3 (22.04.2026)	ingol -3	RP	1027	0	5293967	125	
46310	Nimmersatt's Breeding Ground Térreo	nimmersatt's breeding ground térreo	ED	1142	20696568	2051162	60	Solo
46298	Energy Library x4	energy library x4	MS	619	18177126	3298255	123	
46299	Energy Library	energy library	MS	621	17406567	3271656	124	Solo
46289	Ice Library	ice library	ED	654	17351912	3458823	61	
46294	Ingol -3 (21.04.2026)	ingol -3	RP	1026	0	5508927	125	
46279	Putre 21 april	putre 21 april	EM	1193	45389340	6174640	125	
46285	Deeper Banuta -8	deeper banuta -8	RP	416	2846592	192064	85	Solo
46262	Ice Library	ice library	ED	653	15275821	3017314	143	
46269	Ingol -3 (20.04.2026)	ingol -3	RP	1025	0	5018584	123	
46244	Norc Castle	norc castle	EK	660	12299978	389541	90	Solo
46238	Energy Library x4	energy library x4	MS	615	17955454	3030539	125	
46231	Ice Library	ice library	ED	651	14515597	3005854	147	
46233	(First Hunt) Upper Roshamuul - Nort DP	upper roshamuul - nort dp	EK	739	5025541	1433096	61	Solo
46207	iks occ (Mitmah Seers)	iks occ	RP	601	8720085	720495	33	Solo
46206	iks occ (Mitmah Seers)	iks occ	RP	601	10608037	753934	59	Solo
46195	Werecrocodiles -2	werecrocodiles -2	RP	543	6764881	538108	60	Solo
46218	Energy Library	energy library	MS	615	17365416	3039015	146	
46181	Rootthings -2 (Podzilla)	rootthings -2	EK	948	24233197	3471206	82	
46179	iks occ (Mitmah Seers)	iks occ	RP	600	10220188	619927	59	Solo
46167	iks occ (Mitmah Seers)	iks occ	RP	599	14934800	677733	60	Solo
46152	Issavi	issavi	ED	649	13628843	1998401	94	
46215	Energy Library x4	energy library x4	MS	615	0	2675947	144	
46162	Energy Library x4	energy library x4	MS	610	16785615	2675947	144	Solo
46161	Energy Library	energy library	MS	610	17138985	2732988	141	
46155	Summer Courts	summer courts	EK	419	10028655	652917	71	Solo
46150	Flimsy Venore	flimsy venore	RP	599	9047763	479218	32	Solo
46135	Nagas	nagas	RP	598	7511945	840967	60	Solo
46131	Energy Library	energy library	MS	609	17014832	2946197	116	
46120	Issavi	issavi	ED	648	15321272	2058588	77	
46128	Ingol -3 (16.04.2026)	ingol -3	RP	1023	0	5312745	124	
46108	Deathlings	deathlings	RP	598	8681645	948042	65	Solo
46098	Crypt Warrior Yselda	crypt warrior yselda	MS	568	8205024	538213	75	Solo
46096	Energy Library	energy library	MS	608	0	2998504	128	
46094	Energy Library	energy library	MS	608	11648940	2998504	128	
46091	Ingol -3 (15.04.2026)	ingol -3	RP	1022	0	5366975	123	
46086	Energy Library	energy library	EM	720	0	4243298	66	
46048	Upper Roshamuul (North Depot)	upper roshamuul	EK	737	4658037	1323680	60	Solo
46044	Murky Caverns -2	murky caverns -2	ED	633	6145960	1043045	60	Solo
46043	iks occ (Mitmah Seers)	iks occ	RP	597	11156391	738956	28	Solo
46030	Werecrocodiles (full moon) -2 2	werecrocodiles -2 2	RP	541	6996824	847906	60	Solo
46028	Werecrocodiles (full moon) -2 1	werecrocodiles -2 1	RP	541	5198138	715899	60	Solo
46034	Energy Library	energy library	MS	606	16514600	3179513	123	
46031	Ingol -3 (14.04.2026)	ingol -3	RP	1021	0	5056569	122	Solo
46029	Norcferatu West	norcferatu west	ED	1296	16166182	1065943	29	Solo
46006	Azzilon Castle | x2	azzilon castle x2	ED	633	10077510	1433764	60	Team
46001	norc esquerda duo	norc esquerda duo	ED	915	7386580	1635295	66	Team
45998	Energy Library x4	energy library x4	MS	602	17222649	2816807	140	
45999	Energy Library	energy library	MS	602	17689764	2793299	141	
45985	issavi + ice library	issavi + ice library	ED	645	15017940	2551560	137	
45994	Ingol -3 (13.02.2026)	ingol -3	RP	1019	23832350	5392736	127	
45990	norc x4 direita	norc x4 direita	ED	914	13612923	3116151	121	
45975	Deathlings	deathlings	RP	597	8249373	744409	45	Solo
45963	Lower Rosh	lower rosh	RP	596	8985809	1149846	62	Solo
45957	Energy Library	energy library	MS	601	15889320	2957430	130	
45955	Falcon	falcon	MS	565	5568587	941914	104	Solo
45954	Falcon	falcon	MS	565	6501435	1183744	40	Solo
45932	Book World Ch 3	book world ch 3	RP	595	12574025	854052	36	Solo
45928	Energy Library	energy library	MS	598	17904480	2913949	141	
45926	Antrum of the Fallen	antrum of the fallen	EK	1255	3915660	2308162	123	Solo
45918	Ice Library	ice library	ED	644	15928988	3720171	83	
45923	Catacombs West	catacombs west	RP	449	7224769	910104	35	Solo
45921	Book World: Chapter III	book world: chapter iii	EM	326	3441382	416579	60	Solo
45922	Falcon	falcon	MS	565	6854490	1334871	90	Solo
45906	Putre 11 april 2nd hunt	putre 11 april 2nd hunt	EM	1177	32492737	6323007	84	
45903	Bounacean Lion	bounacean lion	ED	631	8557725	1246286	60	Solo
45900	Werecroc -1	werecroc -1	RP	595	6542175	816014	39	Solo
45896	Raubriter cave	raubriter cave	EK	1195	17254039	0	59	Solo
45889	Energy Library	energy library	MS	596	13913640	3007137	126	
45891	Energy Library x4	energy library x4	MS	596	18307082	3007137	126	
45893	Energy Library x4	energy library x4	MS	598	13913640	3007137	126	
45880	Issavi	issavi	ED	644	15508689	2887561	65	
45881	Hunt crystal enigma	hunt crystal enigma	ED	1141	20827748	3807446	141	
45884	Ingol -3 (10.04.2026)	ingol -3	RP	1018	21136759	5216507	127	
45875	Quaras duo	quaras duo	EM	1177	19165270	1608687	57	Team
45866	Putre 10 april	putre 10 april	EM	1175	44890302	5258205	86	
45864	iks occ (Mitmah Seers)	iks occ	RP	595	9711803	602816	31	Solo
45856	norc duo	norc duo	ED	911	9824303	2037021	64	Team
45852	Ingol -3 (09.04.2026)	ingol -3	RP	1017	22358712	5416878	123	
45836	Rotten Wasteland (Soul War)	rotten wasteland	EK	939	11323712	4079255	81	
45827	Warzone 5	warzone 5	RP	594	10710217	982113	29	Solo
45826	iks occ (Mitmah Seers)	iks occ	RP	594	11848600	826538	24	Solo
45825	Fire Lib x4	fire lib x4	MS	645	13655925	2517507	85	
45823	Dessert Dungeon	dessert dungeon	RP	594	5762912	497355	39	Solo
45816	Energy Library	energy library	MS	592	12977311	2920038	130	
45800	Ice Library	ice library	ED	643	13729858	2892398	152	
45811	Ingol -3 (08.04.2026)	ingol -3	RP	1015	22540222	5488607	122	
45779	ingol -3	ingol -3	MS	1108	17379904	2535588	50	Solo
45780	Fire Lib x4	fire lib x4	MS	644	15184851	2843418	92	
45782	iks occ (Mitmah Seers)	iks occ	RP	592	16779916	741218	60	Solo
45769	Energy Library	energy library	MS	590	13542318	2392728	138	
45754	Ice Library	ice library	ED	641	15420446	3593820	133	
45767	Ingol -3 (07.04.2026)	ingol -3	RP	1014	24223704	5592762	124	
45762	Calassa (Massive Water Elemental, Quara)	calassa	ED	357	1292565	164205	44	Solo
45731	Nagas	nagas	RP	592	7975269	656059	60	Solo
45710	Cobras	cobras	ED	638	0	1908525	59	Team
45709	Random Tasks	random tasks	ED	638	4392584	983899	76	Team
45721	Ingol -3 (06.04.2026)	ingol -3	RP	1013	24635547	5452356	125	
45702	Warzone 6	warzone 6	RP	592	6603701	1151851	35	Solo
45697	Book World Ch 4	book world ch 4	RP	591	8747315	844544	27	Solo
45671	Sphinx -2	sphinx -2	EK	1194	12978700	1166133	75	Solo
45666	DUO| Crypt Warriors	duo crypt warriors	ED	446	5352152	410648	37	Team
45659	Warzone 4	warzone 4	RP	590	12605845	915281	28	Solo
45657	Rosh West	rosh west	RP	590	11955704	1068375	60	Solo
45624	Weretigers -2	weretigers -2	RP	589	7596030	1067843	60	Solo
45617	Ingol -3 (03.04.2026)	ingol -3	RP	1011	22091657	5264119	125	
45632	Draken Wall (North)	draken wall	EM	321	3114153	450780	60	Solo
45607	Chocolate Mines -2	chocolate mines -2	RP	478	4376974	426398	59	Solo
45601	Rootthings -2 (Podzilla)	rootthings -2	EK	934	23383479	2817792	96	
45593	Werecroc -1	werecroc -1	RP	589	6011700	836517	60	Solo
45572	Ice Library	ice library	ED	636	14324705	3589652	67	
45569	Issavi	issavi	ED	636	13179560	1769715	51	
45578	Ingol -3 (02.04.2026)	ingol -3	RP	1010	22060992	5233393	125	
45545	Energy Library x4	energy library x4	RP	795	16379911	2987394	119	
45539	Asura Mirror	asura mirror	EM	410	6078644	459763	55	Solo
45526	Winter Court	winter court	RP	588	7001280	767195	60	Solo
45517	Energy Library x4	energy library x4	RP	794	17902701	3169405	127	
45514	Ingol -3 (31.03.2026)	ingol -3	RP	1009	19005569	4646421	121	
45505	Ice Library	ice library	ED	634	14233025	3083991	154	
45479	Energy Library x4	energy library x4	RP	794	1971660	2706808	135	
45482	Bulltaur -2 Solo MS 550	bulltaur -2 solo ms 550	MS	550	5910200	633653	36	Solo
45477	Ingol -3 (30.03.2026)	ingol -3	RP	1008	21699454	5254259	123	
45474	ice	ice	EK	913	14327157	3159833	154	Solo
45449	Yalahar Grim reaper 3kk/h Raw	yalahar grim reaper 3kk/h raw	EK	201	6009728	0	165	Solo
45443	Energy Library x4	energy library x4	RP	792	17345168	2751828	138	
45440	Bulltaur -2 Solo MS 550 Test	bulltaur -2 solo ms 550 test	MS	550	6007746	1009577	18	Solo
45419	Mino Cult 29.03	mino cult 29.03	EK	253	1362258	632145	45	Solo
45426	Bloodfire Gorge	bloodfire gorge	ED	1293	17777549	1246924	65	Solo
45428	Flimsy PH - Netherworld	flimsy ph - netherworld	MS	810	11214760	1263954	60	Solo
45417	Mino Cult 29.03	mino cult 29.03	EK	253	1547101	579860	47	Solo
45415	Mino Cult 29.03	mino cult 29.03	EK	252	1897516	456634	30	Solo
45418	Weretigers -2	weretigers -2	RP	587	12944278	940650	60	Solo
45406	Energy Library x4	energy library x4	RP	792	19869216	2764130	86	
45392	Warzone 5 (Tunnel Tyrant, Cave Devourer)	warzone 5	ED	351	3260356	510630	46	Solo
45389	Warzone 5 (Tunnel Tyrant, Cave Devourer)	warzone 5	ED	351	3885026	394030	23	Solo
45388	Warzone 6 (Diremaws)	warzone 6	ED	351	4196072	766874	42	Solo
45384	Dessert Dungeon	dessert dungeon	RP	586	6893928	380659	48	Solo
45382	Werecroc -1	werecroc -1	RP	586	6558146	859588	38	Solo
45375	Energy Library x4	energy library x4	RP	790	18511009	2733569	125	
45371	Ingol -3 (27.03.2026)	ingol -3	RP	1006	25447173	4760502	127	
45351	GT(Zao Outer)	gt	RP	585	6694334	898633	90	Solo
45344	iks occ (Mitmah Seers)	iks occ	RP	585	9486151	703190	23	Solo
45337	Fire Library	fire library	EK	922	25350178	5212053	86	
45335	Energy Library x4	energy library x4	RP	789	19592536	3323131	125	
45331	Ingol -3 (26.03.2026)	ingol -3	RP	1004	0	5265086	127	
45317	Warzone 6 (Diremaws)	warzone 6	ED	350	2908056	623370	50	Solo
45313	Warzone 6 (Diremaws)	warzone 6	ED	350	2465742	546973	37	Solo
45308	Abomination Walls +4 e +5	abomination walls +4 e +5	EK	725	2946802	1521366	68	Solo
45304	Iks Last Stand (Entrance)	iks last stand	RP	584	13810685	1283476	33	Solo
45303	Warzone 6	warzone 6	RP	584	8677250	1158278	33	Solo
45298	Flimsy Venore	flimsy venore	MS	825	15936415	1402643	41	Solo
45293	Ingol -3 (25.03.2026)	ingol -3	RP	1003	22895446	4663891	131	
45287	Ice Library	ice library	EK	631	9561044	2028414	148	
45290	Weretiger x2	weretiger x2	RP	417	4632575	1203342	47	Team
45281	Carnivoras Port Hope -1 -2 -3	carnivoras port hope -1 -2 -3	ED	477	3512983	571420	36	Solo
45282	Abomination Walls +4 e +5	abomination walls +4 e +5	EK	725	3154140	1376028	61	Solo
45269	DT Inquisition	dt inquisition	EK	724	4229577	1554871	61	Solo
45265	Elfo de fogo - duo	elfo de fogo - duo	RP	492	6256317	419023	63	Team
45262	Iks Last Stand (Entrance)	iks last stand	RP	584	10347969	1187292	60	Solo
45253	Issavi	issavi	ED	631	9259692	1609256	70	
45250	Catacombs West	catacombs west	RP	449	6977154	664714	35	Solo
45237	After/West Roshamuul	after/west roshamuul	EK	724	5390321	973838	66	Solo
45230	Nagas	nagas	RP	378	3826858	59704	102	
45225	Catacombs East	catacombs east	RP	448	5765115	787366	40	Solo
45227	Energy Library x4	energy library x4	RP	786	24791297	3427784	121	
45214	Cobras	cobras	ED	631	10313922	1861541	67	
45224	Ingol -3 (23.03.2026)	ingol -3	RP	1001	24163314	4977797	125	
45207	Baleias (feversleep e terrorsleep)	baleias	EK	723	4652318	980457	56	Solo
45203	Kilmaresh catacombs	kilmaresh catacombs	EK	653	14035785	561525	60	Solo
45192	Warzone 6	warzone 6	RP	583	6573492	1217858	38	Solo
45188	Deathlings	deathlings	RP	583	10804145	1029304	60	Solo
45176	Azzilon Catacombs -4 (22.03.2026)	azzilon catacombs -4	RP	999	33069228	4103387	182	
45156	True asuras	true asuras	ED	629	15594628	3051252	83	
45153	Diremaw (Warzone 6 Task)	diremaw	RP	582	5575342	1096285	29	Solo
45127	True asuras	true asuras	ED	626	16722116	2912757	195	Team
45135	Azzilon Catacombs -4 (21.03.2026)	azzilon catacombs -4	RP	997	28448440	3726908	230	
45119	Werehyena EK 245lvl	werehyena ek 245lvl	EK	245	1665276	223669	57	Solo
45120	iks occ (Mitmah Seers)	iks occ	RP	581	12396737	648480	63	Solo
45112	Grounds of Fire (Infernatil)	grounds of fire	ED	1292	22640122	1785846	62	Solo
45113	Energy Library x4	energy library x4	RP	782	15878154	2822727	129	
45105	Cobras	cobras	ED	624	9399828	1683119	43	Team
45100	True asuras	true asuras	ED	624	16684592	2413235	99	Solo
45096	Werehyena EK 245lvl	werehyena ek 245lvl	EK	245	2338082	213796	60	Solo
45108	Azzilon Catacombs -4 (20.03.2026)	azzilon catacombs -4	RP	995	31726505	4247010	120	
45101	catacombs demon boosted (de novo) x2	catacombs demon boosted x2	RP	490	4984478	1091325	31	Team
45098	catacombs demon boosted (de novo) x2	catacombs demon boosted x2	RP	490	9980924	1091325	31	Team
45076	Energy Library x4	energy library x4	RP	781	14706933	2526740	141	
45073	Ingol -3 (19.03.2026)	ingol -3	RP	993	21437535	5496836	122	
45059	True asuras	true asuras	ED	623	10198024	2170618	131	Team
45038	Summer court	summer court	MS	821	7917535	1206323	60	Solo
45030	Energy Library x4	energy library x4	RP	780	15931539	2503102	129	
45028	Ingol -3 (18.03.2026)	ingol -3	RP	992	0	5085724	123	
45011	Chocolate Mines	chocolate mines	MS	534	4365076	489882	59	Solo
45002	Oramond Hideout - Minos	oramond hideout - minos	MS	534	2692125	555600	44	Solo
44998	podzilla -2	podzilla -2	RP	933	18749937	2537631	136	
44985	Goana Esquerda	goana esquerda	EK	410	9423884	1062466	54	
44988	Energy Library x4	energy library x4	RP	779	14563321	2865842	132	
44971	MINO CULT	mino cult	EK	240	1024455	639629	91	Solo
44983	Ingol -3 (17.03.2026)	ingol -3	RP	991	22059780	5313636	122	
44972	Ice Library	ice library	EK	621	11226001	2558355	129	
44951	Upper Rosha	upper rosha	RP	807	13559535	1912355	31	Solo
44950	Gazer Port Hope	gazer port hope	ED	468	4407243	576398	32	Solo
44941	Prison -3	prison -3	RP	372	2810249	44259	122	
44937	Ingol -3 (16.03.2026)	ingol -3	ED	1222	25459544	5473447	123	
44927	Book World Chapter III	book world chapter iii	ED	1290	7012981	832706	39	Solo
44894	Warzone 6	warzone 6	RP	581	6728888	1047475	35	Solo
44889	Ise of Ada Mines Duo	ise of ada mines duo	EK	744	13313204	862841	64	Team
44891	Ise of Ada Mines Duo	ise of ada mines duo	EK	744	14981168	862841	64	Team
44866	iks occ (Mitmah Seers)	iks occ	RP	579	14772188	635580	60	Solo
44864	Ise of Ada Mines Duo	ise of ada mines duo	EK	744	10302303	802207	119	Team
44865	Ise of Ada Mines Duo	ise of ada mines duo	EK	744	11836773	802207	119	Team
44859	Haunted House	haunted house	EK	523	5794325	574743	93	Solo
44855	Bloodfire Gorge	bloodfire gorge	ED	1289	11429464	1011002	54	Solo
44831	mitmahs iksupan	mitmahs iksupan	MS	561	8320930	1086771	66	Solo
44857	Fire Library	fire library	EK	906	15693685	4924596	81	
44853	Bloodfire Gorge	bloodfire gorge	ED	1289	11293509	1004672	56	Solo
44848	WERECROC -1	werecroc -1	EK	522	5128642	359859	35	Solo
44828	Warzone 6	warzone 6	RP	579	6287228	773760	27	Solo
44827	Werehyena South :D	werehyena south :d	RP	273	3299139	575345	188	Solo
44823	Wz 6 north Deepworm	wz 6 north deepworm	RP	683	3354634	589660	33	Solo
44822	Energy Library x4	energy library x4	MS	679	10232064	2429773	125	
44814	Unhallowed Crypt 4	unhallowed crypt 4	ED	1401	42543938	7020438	129	Solo
44817	Ingol -3 (13.03.2026)	ingol -3	RP	988	21702215	5714006	122	
44799	Warzone 6	warzone 6	RP	579	8727347	1116218	19	Solo
44801	Fire Elf Duo	fire elf duo	EK	492	3899772	785232	85	Team
44794	Deathlings	deathlings	RP	578	7147827	1039644	60	Solo
44792	Bulltaurus -2	bulltaurus -2	EK	667	8462608	3676025	70	
44775	True asuras	true asuras	RP	577	10532806	2790781	108	
44783	Ingol -3 (12.03.2026)	ingol -3	RP	987	21676721	5504280	124	
44764	Book World Ch 3	book world ch 3	RP	578	6915819	753144	35	Solo
44763	Diremaw (Warzone 6 Task)	diremaw	RP	578	5597135	904031	34	Solo
44765	Ripper Spectres	ripper spectres	MS	552	4172971	396608	52	Solo
44757	iks occ (Mitmah Seers)	iks occ	RP	577	11436126	664111	29	Solo
44753	Ripper Spectres	ripper spectres	MS	552	4408420	465151	65	Solo
44750	Ingol -3 (11.03.2026)	ingol -3	RP	985	0	5120208	111	
44738	True asuras	true asuras	RP	575	11705898	3130526	81	
44751	Ripper Spectres	ripper spectres	MS	551	4910050	371275	65	Solo
44744	Werehyena South :D	werehyena south :d	RP	270	2219461	311005	78	Solo
44733	Book World -1	book world -1	MS	1006	3425225	833430	36	Solo
44735	Werehyena South :D	werehyena south :d	RP	267	3195123	336189	203	Solo
44728	Nagas	nagas	RP	577	7509769	496403	71	Solo
44717	Ingol -3 (10.03.2026)	ingol -3	RP	984	22571731	5250673	121	Solo
44711	Norcferatu Fortress	norcferatu fortress	ED	1290	9759161	1136305	62	Solo
44687	Ingol -3 (09.03.2026)	ingol -3	RP	982	25156196	5275912	129	
44669	Double| Iks Entrance (Iks Yapunac)	double iks entrance	RP	576	12738120	1000659	60	Solo
44664	Catacombs East	catacombs east	RP	445	11079886	540128	40	Solo
44662	Catacombs East	catacombs east	RP	445	12139149	714396	43	Solo
44655	Catacombs West	catacombs west	RP	443	13570585	1051983	42	Solo
44651	Catacombs East	catacombs east	RP	443	11811718	530477	47	Solo
44652	Oramond Catacombs East	oramond catacombs east	RP	541	10330930	835601	149	Team
44628	INFERNATIL	infernatil	RP	1216	34027026	2789878	60	Solo
44639	—	—	RP	979	41396706	4978906	191	
44611	INFERNATIL	infernatil	RP	1216	34344519	2264746	60	Solo
44612	Lower Roshamuul	lower roshamuul	RP	442	9158361	600969	47	Solo
44613	crypt warriors	crypt warriors	RP	478	6278114	346371	97	
44607	Oramond Catacombs East	oramond catacombs east	RP	538	5962833	800583	149	Team
44587	Double| Iks Occ (Seers)	double iks occ	RP	575	21543597	708251	60	Solo
44579	Unhallowed Crypt	unhallowed crypt	ED	1395	74439961	6455373	112	
44580	Catacombs East	catacombs east	RP	441	11662208	676265	45	Solo
44585	DOUBLE| Werecrocs -1	double werecrocs -1	RP	573	13565389	851192	60	Solo
44571	Catacombs East	catacombs east	RP	441	11770258	753823	35	Solo
44573	Norcferatu West	norcferatu west	EM	598	22835260	2941710	69	Solo
44547	True asuras	true asuras	RP	570	16366794	1806332	118	
44560	Ingol -3 (07.03.2026)	ingol -3	RP	977	39284544	5110393	195	
44548	Catacombs East	catacombs east	RP	440	13198628	825435	37	Solo
44540	Catedral -1	catedral -1	EK	373	10459073	842570	29	Team
44520	True asuras	true asuras	ED	615	15963102	2981145	62	Team
44526	werehyena north	werehyena north	RP	256	4409575	365475	97	Solo
44528	True Asura [3/7]	true asura [3/7]	ED	638	16796633	2254095	190	
44518	Double| Iks Occ (Seers)	double iks occ	RP	572	16211844	609536	45	Solo
44515	Crypt Warriors	crypt warriors	MS	527	11406282	160721	38	Solo
44511	Flimsy PH - Netherworld	flimsy ph - netherworld	MS	798	19903680	1084785	60	Solo
44487	True asuras	true asuras	ED	613	20150705	2631397	146	Team
44505	Brain Grounds	brain grounds	EK	734	21178800	1129742	72	Team
44484	Gnomprona Monster Graveyard HZ4	gnomprona monster graveyard hz4	MS	838	29366923	3552043	195	
44498	Ingol -3 (06.03.2026) ~ Double exp	ingol -3 ~ double exp	RP	974	0	5000441	186	
44485	Crypt Warrior Yselda	crypt warrior yselda	MS	543	12263421	356427	51	Solo
44452	Oskayaat Werecrocodile's -1	oskayaat werecrocodile's -1	EK	624	10699017	752836	65	Solo
44436	Ice Lib Duo 06/03/2026	ice lib duo 06/03/2026	ED	1119	39569383	4816362	185	Team
44439	Secret Library Fire Section	secret library fire section	ED	1286	46116871	5539825	67	
44435	Kilmaresh Puzzle	kilmaresh puzzle	EK	677	14633197	1093098	126	Team
44433	Double| Iks Occ (Seers)	double iks occ	RP	571	20948559	576108	60	Solo
44407	True asuras	true asuras	ED	612	14408098	2337735	52	Team
44419	Ingol -3 (05.03.2026)	ingol -3	RP	973	21754848	5204112	114	
44414	Murky Caverns -1	murky caverns -1	EK	677	3899737	906514	102	Team
44412	Netherworld venore	netherworld venore	ED	1286	10472411	1164819	42	Solo
44405	Zombie (Treasure Island)	zombie	ED	446	302280	0	10	Solo
44399	Cults Carlin	cults carlin	ED	446	1962726	0	9	Solo
44396	Monster Graveyard HZ4 (no charms)	monster graveyard hz4	MS	834	19983617	3248354	134	
44388	Werelions	werelions	EK	360	6139703	403087	82	Solo
44378	Fury Oramond	fury oramond	MS	524	5718351	669735	37	Solo
44375	Ice Lib Duo 05/03/2026	ice lib duo 05/03/2026	ED	1119	21084473	4404467	125	Team
44376	Gazer Port Hope	gazer port hope	ED	445	3942931	515890	29	Solo
44362	Fury Oramond	fury oramond	MS	525	5276686	652773	36	Solo
44361	—	—	RP	971	22791461	4938847	123	
44366	PH Gazer Spectres - No Thanatursus	ph gazer spectres - no thanatursus	ED	326	2492965	375315	103	Solo
44352	Secret Library Ice Section	secret library ice section	ED	1286	12529591	1221949	27	Solo
44351	Hunt x4 wardragone x3 catedral	hunt x4 wardragone x3 catedral	ED	523	16961880	1464922	48	
44330	—	—	RP	970	21834955	5064783	125	
44304	Exotic cave spider weekly task	exotic cave spider weekly task	ED	287	1846568	93525	45	Solo
44317	True asuras	true asuras	ED	611	0	2331348	108	Team
44321	Secret Library Ice Section	secret library ice section	ED	1285	7640017	1168358	60	Solo
44320	Fury Oramond	fury oramond	MS	524	5378557	396452	19	Solo
44314	Azzilon Catacombs 1-2	azzilon catacombs 1-2	EK	890	18155857	2500476	89	
44308	Warzone 6 - Diremaw task	warzone 6 - diremaw task	MS	524	4227430	935580	30	Solo
44294	Winter Courts	winter courts	EK	237	3234054	379926	76	
44287	🐍COBRA DUO X2	🐍cobra duo x2	ED	601	13294813	1318809	90	Team
44296	Prison -3	prison -3	EK	732	7748346	1471059	88	Team
44297	Prison -3	prison -3	EK	732	7124798	1471059	88	Team
44289	Ingol -3 (02.03.2026)	ingol -3	RP	968	30565364	4589357	193	
44283	asdfa	asdfa	EK	283	5865331	439474	68	
44269	True asuras	true asuras	ED	609	7631959	2319069	91	Team
44274	werehyena north	werehyena north	RP	243	3077437	327650	63	Solo
44288	Buried Cathedral -3 Duo	buried cathedral -3 duo	EK	492	5853308	1205151	47	Team
44249	Rosh Mines (Terror/feversleep)	rosh mines	RP	569	13158837	857155	60	Solo
44242	Winter Courts	winter courts	EK	232	2975109	420518	119	
44247	Norcferatu Fortress	norcferatu fortress	EK	731	0	987939	65	Team
44246	Norcferatu Fortress	norcferatu fortress	EK	731	13884601	987939	65	Team
44239	Yalahar Grim Reapers	yalahar grim reapers	EK	489	8575747	383419	102	Solo
44236	—	—	ED	507	4961940	1043880	18	Solo
44235	Ingol -3 (01.03.2026)	ingol -3	RP	965	28578400	4753784	198	
44223	Bloodfire Gorge	bloodfire gorge	ED	1284	17022128	964351	35	Solo
44218	GT Zao (Loot)	gt zao	EK	561	5364912	856126	30	Solo
44216	Oramond Furys	oramond furys	RP	569	11667676	1347282	33	Solo
44202	Ingol -3 (28.02.2026)	ingol -3	RP	963	24129505	4865485	187	
44188	Netherworld venore	netherworld venore	ED	1284	18735306	1329165	20	Solo
44196	Fire Library	fire library	EK	884	29915298	5342990	92	
44180	Rosh Mines (Terror/feversleep)	rosh mines	RP	567	17091041	1076593	71	Solo
44173	Winter Courts	winter courts	EK	226	3640534	318394	144	
44175	Brain Grounds	brain grounds	EK	729	13789412	1122661	147	Team
44176	Brain Grounds	brain grounds	EK	729	14552513	1122661	147	Team
44168	Ingol -3 (27.02.2026)	ingol -3	RP	961	27878035	4799262	189	
44157	Lion Sanctum -2	lion sanctum -2	ED	1284	5855028	695738	40	Solo
44148	Warzone 5	warzone 5	MS	521	7197730	550950	34	Solo
44147	Fire Library	fire library	EK	882	29984020	5136872	74	
44130	iks occ (Mitmah Seers)	iks occ	RP	566	16064056	615113	60	Solo
44123	Warzone 6	warzone 6	RP	566	10520742	1187689	21	Solo
44114	Grounds of Undeath (Ashfalor)	grounds of undeath	ED	1283	11453294	771825	62	Solo
44119	The Hive - Ground Level - Sorcerer(408)	the hive - ground level - sorcerer	MS	408	663616	271319	89	Solo
44118	Brain Grounds	brain grounds	EK	728	14360072	576288	56	Solo
44108	Norcferatu Fortress	norcferatu fortress	ED	1283	15227803	1153763	60	Solo
44115	Ingol -3 (26.02.2026)	ingol -3	RP	960	26086444	4728329	194	Solo
44107	Buried Cathedral -3 x4	buried cathedral -3 x4	MS	412	7329327	1691228	75	
44100	True Asura [2/26]	true asura [2/26]	ED	630	13095234	2283918	188	
44077	Secret library fire 4x	secret library fire 4x	ED	766	0	3535746	138	
44068	ice golems	ice golems	ED	35	130002	10505	24	Solo
44060	Buried -3	buried -3	EK	221	3829312	48019	89	
44063	Ingol -1	ingol -1	EK	727	8466252	1515988	93	Team
44066	Ingol -1	ingol -1	EK	727	10550925	1515988	93	Team
44056	Ingol -3 (25.02.2026)	ingol -3	RP	959	27015472	4841621	187	
44041	wz v	wz v	RP	579	8776713	581135	60	Solo
44027	FIRE LIBRARY	fire library	MS	925	21801062	4568763	129	Team
44030	iks occ (Mitmah Seers)	iks occ	RP	565	15032368	467387	60	Solo
44025	Fire Secret Library 4x	fire secret library 4x	ED	764	20841959	3005896	152	
44012	Buried	buried	EK	219	5754517	95492	34	
44004	True asuras	true asuras	ED	608	11750612	1892367	121	Team
44010	Ingol -3 (24.02.2026)	ingol -3	RP	956	32610922	5089568	135	
44000	Burster Spectre	burster spectre	MS	480	7231356	252838	25	Solo
44002	Buried Cathedral -3 x4	buried cathedral -3 x4	RP	476	10258676	1565628	117	
43996	Weretiger -2	weretiger -2	MS	480	7165071	480976	40	Solo
43988	Buried Cathedral -3 x4	buried cathedral -3 x4	EM	468	13868462	1725588	30	
43993	Fire Library	fire library	EK	876	29415382	5035157	93	
43987	Buried Cathedral -3 Duo	buried cathedral -3 duo	EK	480	8371972	930770	41	Team
43986	cobra palace	cobra palace	ED	494	9856811	936602	64	Team
43984	Chocolate Mines	chocolate mines	RP	565	8489909	641731	47	Solo
43981	Book World Ch 3	book world ch 3	RP	564	12291914	754862	37	Solo
43976	Iks Last Stand (Entrance)	iks last stand	RP	564	12094757	1073554	21	Solo
43970	Buried	buried	EM	210	3596499	40958	108	
43966	inferniarch duo +1	inferniarch duo +1	ED	493	8474898	447452	71	Team
43967	Buried Cathedral -3 Duo	buried cathedral -3 duo	EK	480	8607010	972871	104	Team
43965	Ingol -3 (23.02.2026)	ingol -3	RP	955	23002430	4844759	123	
43957	Weretiger -2	weretiger -2	MS	478	6662371	485387	42	Solo
43955	Fire Library	fire library	EK	874	27437875	5202047	109	
43945	iks occ (Mitmah Seers)	iks occ	RP	564	15321775	590474	25	Solo
43942	Weretigers -1	weretigers -1	RP	563	8703510	772296	60	Solo
43941	mini rosha	mini rosha	RP	188	1161545	87358	33	Solo
43927	Dessert Dungeons	dessert dungeons	EK	561	3468858	122000	30	Solo
43923	Outer Crypt	outer crypt	ED	864	25441112	4698599	66	
43913	Lion Hydra	lion hydra	EK	900	3438752	707472	35	Solo
43904	True asuras	true asuras	ED	606	6967915	2132544	102	Team
43900	Burning Gladiators	burning gladiators	ED	606	6492613	982292	26	Team
43914	Sparkling Pools - HZ 2	sparkling pools - hz 2	EK	872	13203782	2773538	89	
43907	falcon	falcon	ED	492	7225688	1350609	71	Team
43908	Sparkling Pools - HZ 1	sparkling pools - hz 1	EK	872	17033601	2373150	85	
43901	Crumbling Caverns	crumbling caverns	RP	562	8448963	935773	46	Solo
43899	iks occ (Mitmah Seers)	iks occ	RP	562	11854745	594742	35	Solo
43896	iks occ (Mitmah Seers)	iks occ	RP	562	9191532	593452	40	Solo
43891	Glooth Bandit	glooth bandit	MS	195	845701	205209	102	Solo
43880	True asuras	true asuras	ED	605	6269464	1863260	72	Team
43877	Burning Gladiators	burning gladiators	ED	605	6863429	1142150	63	Team
43871	bookworm 3	bookworm 3	EM	678	3906176	999900	15	Solo
43867	issavi waterfall	issavi waterfall	ED	491	5595370	508803	83	Team
43866	Iks Last Stand (Entrance)	iks last stand	RP	561	8027835	1156181	34	Solo
43865	Warzone 6	warzone 6	RP	561	6920424	1016002	25	Solo
43862	Werecrocodiles -2	werecrocodiles -2	MS	477	4556497	371305	38	Solo
43856	Ingol -3 (20.02.2026)	ingol -3	RP	953	0	4172942	134	
43844	iks occ (Mitmah Seers)	iks occ	RP	560	14282735	588881	37	Solo
43830	Iks Last Stand (Entrance)	iks last stand	RP	560	10058892	893398	25	Solo
43818	The Blood Halls	the blood halls	RP	529	5624368	374490	60	Solo
43825	Ripper Spectres	ripper spectres	EK	203	2087816	36282	109	
43820	Ingol -3 (19.02.2026) - pt 2	ingol -3 - pt 2	RP	952	0	4610279	61	
43821	Ingol -3 (19.02.2026) - pt 1	ingol -3 - pt 1	RP	952	0	4793146	65	
43806	werehyena North	werehyena north	RP	223	3524199	242498	50	Solo
43805	werehyena North	werehyena north	RP	223	3716896	252641	51	Solo
43757	inferniarch duo +1	inferniarch duo +1	ED	491	1130917	738675	101	Team
43759	Warzone 6	warzone 6	RP	560	6524714	1059785	62	Solo
43747	Ripper Spectres	ripper spectres	EK	199	2564843	270626	127	
43744	Ingol -3 (18.02.2026)	ingol -3	RP	951	20982520	4971052	128	
43738	Cobra Bastion	cobra bastion	EK	921	26757552	1523958	60	Solo
43728	Elder Wyrm - Drefia	elder wyrm - drefia	MS	476	2599702	47672	30	Solo
43720	deathling	deathling	ED	490	5599511	916906	47	Team
43716	DUO| Iks Last Stand (Entrance)	duo iks last stand	MS	601	9857294	1222956	25	Team
43713	iks occ (Mitmah Seers)	iks occ	RP	559	9493052	529926	31	Solo
43708	werehyena North	werehyena north	RP	221	2909123	313829	49	Solo
43697	Ingol -3 (17.02.2026)	ingol -3	RP	950	19020309	4259707	136	
43687	Cobras	cobras	RP	557	8239535	1556096	114	
43686	Gazer Spectre	gazer spectre	MS	475	3831023	547498	26	Solo
43685	deathling	deathling	ED	490	5476267	886202	67	Team
43679	werehyena North	werehyena north	RP	218	2453613	219491	53	Solo
43677	rosha bones	rosha bones	ED	489	4647606	846135	70	Team
43672	issavi waterfall	issavi waterfall	ED	488	5066784	716607	99	Team
43673	iks occ (Mitmah Seers)	iks occ	RP	558	11663485	774514	35	Solo
43657	Ingol -3 (16.02.2026)	ingol -3	RP	948	23017335	4589749	126	
43641	Iks Last Stand (Entrance)	iks last stand	RP	558	7898504	1121646	31	Solo
43634	iks occ (Mitmah Seers)	iks occ	RP	558	13000650	609670	31	Solo
43629	Gazers Spectres	gazers spectres	EK	187	1863973	38625	78	
43631	demon edron	demon edron	ED	253	484909	79507	33	Solo
43612	Diremaw (Warzone 6 Task)	diremaw	RP	557	5803754	856699	45	Solo
43609	Warzone 6	warzone 6	RP	557	8671167	1202826	28	Solo
43605	Grim Reaper Yalahar	grim reaper yalahar	MS	473	4383040	0	45	Solo
43599	DT Seal -2	dt seal -2	EK	1003	11193833	1631748	60	Solo
43577	Sparkling Pools	sparkling pools	EK	864	10467730	1614416	91	
43574	Darashia Werehyena North	darashia werehyena north	MS	387	2344437	404254	58	Solo
43572	Warzone 6	warzone 6	RP	557	6457268	1055828	22	Solo
43568	Asura Mirror	asura mirror	RP	556	8602985	331496	34	Solo
43566	iks occ (Mitmah Seers)	iks occ	RP	556	9679550	640175	39	Solo
43559	werehyena -2 south	werehyena -2 south	EM	201	2952334	41895	35	Solo
43565	Werehyena north	werehyena north	RP	214	2263969	163216	123	Solo
43561	Ingol -3 (13.02.2026)	ingol -3	RP	947	19796796	4725623	108	
43552	Bashmus	bashmus	RP	627	4797136	1414915	33	Solo
43539	Weretigers -2	weretigers -2	RP	556	6970297	842198	43	Solo
43538	Fire Library	fire library	EK	863	19329062	4886139	90	
43530	Darashia Werehyena South	darashia werehyena south	MS	387	2977459	545819	50	Solo
43528	Rosh Mines (Terror/feversleep)	rosh mines	RP	555	7392705	876107	66	Solo
43510	Azzilon Catacombs -4 (12.02.2026)	azzilon catacombs -4	RP	946	20773925	3914057	125	
43500	Lava Lunker	lava lunker	MS	473	2838461	0	26	Solo
43487	Gazer Spectres	gazer spectres	EK	178	2290995	0	58	
43484	Azzilon Catacombs -4 (11.02.2026)	azzilon catacombs -4	RP	945	0	3830432	128	
43466	Warzone 6	warzone 6	RP	554	4875508	824306	40	Solo
43448	Azzilon Catacombs -4 (10.02.2026)	azzilon catacombs -4	RP	944	0	3515358	140	
43437	Cobras	cobras	RP	554	7855102	1270214	48	
43433	Cobras	cobras	ED	603	14764277	1542621	14	Team
43417	GAZER	gazer	EK	172	1847885	0	103	
43391	RAPID| Warzone 5	rapid warzone 5	RP	553	9045951	984346	22	Solo
43390	RAPID| Iks Last Stand (Entrance)	rapid iks last stand	RP	553	9125712	1103391	20	Solo
43383	Fire Library	fire library	EK	858	14594300	5179412	87	
43376	RAPID| Book World Ch 4	rapid book world ch 4	RP	552	12676244	1160862	30	Solo
43375	RAPID| Iks Last Stand (Entrance)	rapid iks last stand	RP	552	8630847	1091539	22	Solo
43372	RAPID| Ch. 3	rapid ch. 3	RP	552	7133094	725853	22	Solo
43365	Fire Library	fire library	EK	857	16133879	5285797	84	
43360	RAPID| Warzone 5	rapid warzone 5	RP	551	7108350	847440	31	Solo
43359	RAPID| Crumbling Caverns	rapid crumbling caverns	RP	551	6212934	594816	53	Solo
43353	Burster Spectre	burster spectre	MS	470	6844279	74566	22	Solo
43356	RAPID| iks occ (Mitmah Seers)	rapid iks occ	RP	551	8270065	449355	37	Solo
43340	RAPID| Oramond Furys	rapid oramond furys	RP	551	8871072	1291653	45	Solo
43331	Buried Cathedral -3 Trio	buried cathedral -3 trio	MS	386	4813360	983447	117	
43326	RAPID| Book World Ch 4	rapid book world ch 4	RP	550	8186845	845668	19	Solo
43324	RAPID| Warzone 6	rapid warzone 6	RP	550	6811615	1005618	26	Solo
43323	RAPID| iks occ (Mitmah Seers)	rapid iks occ	RP	550	10664814	703613	34	Solo
43307	Burning Gladiators	burning gladiators	ED	603	7310965	1549443	47	Team
43315	Buried Cathedral -3 Duo	buried cathedral -3 duo	EK	475	6274312	1191689	83	Team
43312	Azzilon Catacombs -4 (05.02.2026)	azzilon catacombs -4	RP	942	0	3325924	135	
43294	Buried Cathedral -3 Duo	buried cathedral -3 duo	EK	475	6348365	1178530	87	Team
43288	Book World Ch 3	book world ch 3	RP	549	8452347	812491	60	Solo
43265	Sphinx / crypt warden	sphinx / crypt warden	ED	602	10378495	966340	39	Team
43275	Azzilon Catacombs -4 (04.02.2026)	azzilon catacombs -4	RP	941	0	3605800	123	
43260	Fire Library	fire library	EK	853	21221618	4723177	71	
43253	Book World - Chapter III	book world - chapter iii	MS	468	4153447	350124	38	Solo
43295	Buried Cathedral -3 Duo	buried cathedral -3 duo	EK	475	6922577	1079747	116	Team
43240	Buried Cathedral -3 Duo	buried cathedral -3 duo	EK	473	5041571	1107753	90	Team
43237	Azzilon Catacombs -4 (03.02.2026)	azzilon catacombs -4	RP	939	0	3487698	136	
43219	Deathlings	deathlings	RP	549	5927612	461662	30	Solo
43217	Iks Last Stand (Entrance)	iks last stand	RP	549	7656934	921482	30	Solo
43205	Deathlings	deathlings	RP	548	6025113	740265	32	Solo
43200	demon edron	demon edron	ED	254	451020	127128	78	Solo
43194	Drakens Walls	drakens walls	EK	161	1484313	232705	75	
43183	Buried Cathedral -3 Duo	buried cathedral -3 duo	EK	471	4370027	945515	184	Team
43160	Warzone 6	warzone 6	RP	547	11771368	775726	21	Solo
43157	iks occ (Mitmah Seers)	iks occ	RP	547	9510675	617491	60	Solo
43152	Asura Palace	asura palace	EK	156	2593884	89909	44	
43182	Yalahar Grim Reapers	yalahar grim reapers	EK	471	6620487	467205	87	Solo
43181	Book World Cap IV	book world cap iv	EK	471	4652916	741045	62	Solo
43132	Drakens Walls	drakens walls	EK	155	1528240	279560	81	
43108	Winter court	winter court	ED	602	5610675	1486642	43	Team
43106	Burning Gladiators	burning gladiators	ED	602	7251806	1268120	49	Team
43101	iks occ (Mitmah Seers)	iks occ	RP	546	7795209	526678	49	Solo
43097	iks occ (Mitmah Seers)	iks occ	RP	545	7723357	551844	60	Solo
43077	summer elf	summer elf	ED	601	7078836	1545450	88	Solo
43179	Buried Cathedral -3 Duo	buried cathedral -3 duo	EK	471	4527964	889726	56	Team
43178	Buried Cathedral -3 Duo	buried cathedral -3 duo	EK	471	5356631	943404	98	Team
43042	summer elf	summer elf	ED	601	7251945	1698906	38	Team
42996	Weretigers -2	weretigers -2	RP	545	8410734	784981	46	Solo
42981	iks occ (Mitmah Seers)	iks occ	RP	545	10246896	444563	31	Solo
42973	Warzone 5	warzone 5	RP	545	7092469	738245	50	Solo
42953	Drakens Walls	drakens walls	EK	142	1599999	178808	98	
42941	Winter court	winter court	ED	601	6239124	1893848	30	Team
42950	Azzilon Castle | x2	azzilon castle x2	ED	603	9772873	1542273	60	Team
42937	elite skeleton warrior	elite skeleton warrior	ED	600	4718004	1517067	20	Team
42938	Energy Library	energy library	EK	845	18287963	3790083	114	
42928	Azzilon Castle | x2	azzilon castle x2	ED	603	9508698	1316755	61	Team
42903	Burning Gladiators	burning gladiators	ED	600	8919844	1205586	40	Team
42898	iks occ (Mitmah Seers)	iks occ	RP	543	8419018	545691	46	Solo
42887	Drakens Walls	drakens walls	EM	141	2909836	191589	63	
42867	Energy Library	energy library	EK	842	20802229	4442857	85	
42856	Oramond Cata (east)	oramond cata	RP	542	8837848	770505	60	Solo
42830	Energy Library	energy library	EK	841	20572822	4134133	82	
42841	Great Pearl Fan Reef	great pearl fan reef	ED	601	4144611	1417113	60	Solo
42824	Nightmare Isles	nightmare isles	EK	464	8544854	859938	30	Solo
42825	iks occ (Mitmah Seers)	iks occ	RP	541	7834140	612777	60	Solo
42821	iks occ (Mitmah Seers)	iks occ	RP	540	11668395	640573	60	Solo
42789	Crumbling Caverns	crumbling caverns	RP	541	6415961	602864	26	Solo
42771	Chocolate Mines -2	chocolate mines -2	MS	463	3933380	493214	38	Solo
42722	Nightmare Isles.	nightmare isles.	RP	210	2884596	215204	80	
42710	Energy Library	energy library	EK	836	13850992	4318611	88	
42684	Golem Raid Oramond	golem raid oramond	RP	435	5777052	2228037	20	Solo
42683	Golem Raid Oramond	golem raid oramond	RP	435	5645838	2060709	13	Solo
42671	Burning Gladiators	burning gladiators	ED	599	9570737	1173916	37	Team
42658	Exotic Cave	exotic cave	RP	208	2014529	241716	45	Solo
42638	Burning Gladiators	burning gladiators	ED	599	7104004	1149964	27	Team
42631	Glooth Factory - TESTE	glooth factory - teste	RP	208	1880400	250328	15	Solo
42633	Energy Library	energy library	EK	833	19594095	4106481	84	
42622	Burning Gladiators	burning gladiators	ED	598	6223498	1090860	58	Team
42623	Oramond Cata (east)	oramond cata	RP	540	9397030	746209	33	Solo
42613	Boquinha rosha Feyrist Nightmare.	boquinha rosha feyrist nightmare.	RP	208	1326397	337518	49	Solo
42610	🐍COBRA DUO X2	🐍cobra duo x2	ED	558	0	1006194	63	Team
42598	Cobras	cobras	ED	597	14550385	1900644	100	Team
42590	Warzone 6	warzone 6	RP	540	6355526	887040	27	Solo
42588	Oramond Cata (east)	oramond cata	RP	540	7064297	560298	17	Solo
42560	Cobras	cobras	ED	596	14610878	1946935	88	Team
42569	Boquinha rosha Feyrist Nightmare.	boquinha rosha feyrist nightmare.	RP	207	1434040	383408	24	Solo
42561	Book World Ch 4	book world ch 4	RP	539	9471226	658847	23	Solo
42552	Chapter III	chapter iii	EK	433	6025297	944010	60	Solo
42542	Norcferatu -3 & -4	norcferatu -3 & -4	EK	831	20779772	2891129	88	
42538	Netherworld PH (only east)	netherworld ph	MS	460	5270068	316764	38	Solo
42540	Norcferatu -3 & -4	norcferatu -3 & -4	EK	831	21006284	2954963	91	
42537	Oramond Cata (West & Center)	oramond cata	RP	539	8754334	1004461	60	Solo
42497	Cobras	cobras	ED	595	14095499	1826178	63	Team
42504	ice	ice	EK	834	0	5025683	123	
42491	Werecrocodiles -1 (Runic Mastery)	werecrocodiles -1	ED	659	4904520	743499	31	Solo
42489	Iks Last Stand (Entrance)	iks last stand	RP	538	8177602	873385	24	Solo
42483	Werecrocodiles -1	werecrocodiles -1	ED	659	5153141	818904	32	Solo
42478	Book World Ch 4	book world ch 4	RP	538	7092036	862002	30	Solo
42452	summer elf	summer elf	ED	593	10358885	1727951	101	Team
42451	Drakens WOTE	drakens wote	EK	431	4889440	1066607	62	Solo
42443	Falcon Bastion x2 (EK+ED)	falcon bastion x2	EK	757	13385879	1891166	64	Team
42429	Deep Banuta -8	deep banuta -8	MS	459	3223492	439078	38	Solo
42421	Falcons	falcons	ED	593	9471307	2150661	84	Solo
42385	Norcferatu -3 & -4	norcferatu -3 & -4	EK	827	19828315	2692981	83	
42382	Norcferatu -3 & -4	norcferatu -3 & -4	EK	827	20013355	2776826	87	
42348	Draken -1 e -2(Razachai)	draken -1 e -2	EK	456	3247397	910122	78	Solo
42331	Rosh West	rosh west	RP	537	7863258	1056980	45	Solo
42327	Drakens(abomination)	drakens	EK	454	3140303	1443174	86	Solo
42326	Drakens(abomination)	drakens	EK	454	3679387	901846	59	Solo
42321	Sphinx Cave All x4	sphinx cave all x4	RP	471	7691822	924674	110	
42312	Wildlife Raid Oramond	wildlife raid oramond	RP	434	7062277	1550814	19	Solo
42319	Warzone 6	warzone 6	RP	537	7601084	910943	49	Solo
42299	Werecroc -1	werecroc -1	RP	536	6877017	714593	42	Solo
42291	Norcferatu -3 & -4	norcferatu -3 & -4	EK	824	21237860	3191553	90	
42251	Drakens(abomination)	drakens	EK	454	2094130	677894	83	Solo
42248	Oramond Cata (West & Center)	oramond cata	RP	536	8094256	708543	60	Solo
42234	Warzone 5	warzone 5	RP	535	6930741	1032290	36	Solo
42232	iks occ (Mitmah Seers)	iks occ	RP	535	11854927	538682	24	Solo
42219	Cobras	cobras	ED	590	13975688	1802630	93	Team
42207	Golem Raid Oramond	golem raid oramond	RP	433	7156323	2174647	17	Solo
42210	Carnivor with focus on -2 and -3	carnivor with focus on -2 and -3	EK	453	2910789	774368	60	Solo
42199	Norcferatu Fortress	norcferatu fortress	EK	861	24156262	2068669	60	Solo
42192	Lower Roshamuul	lower roshamuul	RP	433	5812451	692777	32	Solo
42188	Catacombs West	catacombs west	RP	433	9198881	687532	36	Solo
42171	Chocolate Mines	chocolate mines	RP	535	6296348	468177	43	Solo
42161	Oramond Sewers	oramond sewers	RP	432	6083440	942765	36	Solo
42159	Oramond Sewers	oramond sewers	RP	432	5933384	1771854	30	Solo
42169	Ingol -3 | PT x3	ingol -3 pt x3	ED	957	12789459	3171554	230	
42139	Oramond Sewers	oramond sewers	RP	431	5872002	1293985	38	Solo
42127	Cobras	cobras	ED	588	15124723	1849824	122	Team
42128	Werecrocodiles EK	werecrocodiles ek	EK	553	5639677	938629	45	Solo
42126	Otherworld (Zao)	otherworld	RP	534	7058179	840434	53	Solo
42120	Iks Last Stand (Entrance)	iks last stand	RP	534	9304115	656381	29	Solo
42116	Ingol -3 | PT x3	ingol -3 pt x3	ED	955	38006154	2583331	81	
42102	Cobras	cobras	ED	585	13316871	1694910	174	Team
42109	Chocolate mines EK	chocolate mines ek	EK	552	2954393	730304	44	Solo
42100	Falcon Bastion | x2	falcon bastion x2	ED	586	6881026	1955771	60	Team
42105	Cobra bastion X2	cobra bastion x2	EK	552	8076583	1317864	63	Team
42080	Dessert Dungeons	dessert dungeons	ED	586	7782334	1097054	30	Solo
42078	Salt Caves - Bashmu	salt caves - bashmu	RP	1153	6582159	2037463	60	Solo
42045	Cobras	cobras	ED	584	12631815	1859599	94	Team
42050	Oramond Cata (east)	oramond cata	RP	533	7034908	609485	60	Solo
42042	Cobras	cobras	ED	583	9068753	1740375	55	Solo
42043	iks occ (Mitmah Seers)	iks occ	RP	532	11160153	535500	60	Solo
42025	Cobras	cobras	ED	581	13276477	1725211	133	Team
42012	mini	mini	ED	233	648956	247933	65	Solo
42003	Sphinx / crypt warden	sphinx / crypt warden	ED	581	6957815	925022	53	Team
41995	Warzone 6	warzone 6	RP	531	7982307	797340	76	Solo
41992	Iks Last Stand (Entrance)	iks last stand	RP	531	7347375	619615	23	Solo
41982	Cobras	cobras	ED	579	13166088	1596003	133	Team
41975	Salt Caves - Bashmu	salt caves - bashmu	RP	1150	6286958	2029074	60	Solo
41971	Ingol -3	ingol -3	EK	817	18699940	3973100	82	
41961	Cobras	cobras	ED	577	10908003	1367207	149	Team
41940	demons edron square	demons edron square	ED	232	536503	69150	61	Solo
41933	Asura Mirror	asura mirror	RP	530	8587380	510505	64	Solo
41927	Catacombs West	catacombs west	RP	428	6143520	604620	33	Solo
41897	Rosh West	rosh west	RP	529	7792276	663756	60	Solo
41852	Lower Roshamuul	lower roshamuul	RP	425	9420243	452901	35	Solo
41858	Norcferatu -3 & -4	norcferatu -3 & -4	EK	811	35246028	3280791	103	
41831	Chapter 4 #7	chapter 4 #7	EK	444	11662236	710414	145	Solo
41827	Double| Iks Occ (Seers)	double iks occ	RP	528	15067337	433877	35	Solo
41822	Double| Iks Occ (Seers)	double iks occ	RP	527	21101224	699462	30	Solo
41821	Double| Werelions -1	double werelions -1	RP	527	10777834	764899	35	Solo
41813	Minotaur Raid Oramond	minotaur raid oramond	RP	423	11910335	1074194	17	Solo
41811	Golem Raid Oramond	golem raid oramond	RP	423	11040574	1748240	21	Solo
41799	Minotaur Raid Oramond	minotaur raid oramond	RP	422	10838745	1065735	16	Solo
41794	Flimsy PH	flimsy ph	MS	728	32035764	1252575	131	Solo
41785	Chapter 4 #6	chapter 4 #6	EK	441	13392142	757837	130	Solo
41767	Minotaur Raid Oramond	minotaur raid oramond	RP	420	12315960	2233344	15	Solo
41761	Wildlife Raid Oramond	wildlife raid oramond	RP	419	13928200	2536137	18	Solo
41720	Double| Iks Occ (Seers)	double iks occ	RP	525	14740262	529315	58	Solo
41717	Double| Lower Rosh	double lower rosh	RP	524	11228564	966374	65	Solo
41710	Norcferatu -3 & -4	norcferatu -3 & -4	EK	803	37156209	2878179	90	
41704	Golem Raid Oramond	golem raid oramond	RP	417	10824351	2117669	21	Solo
41707	Norcferatu -3 & -4	norcferatu -3 & -4	EK	803	38769036	3067295	90	
41695	Wildlife Raid Oramond	wildlife raid oramond	RP	416	14119630	1558637	18	Solo
41661	Minotaur Raid Oramond	minotaur raid oramond	RP	414	10725690	1027720	18	Solo
41666	Double| Lower Rosh	double lower rosh	RP	522	11208120	829083	45	Solo
41637	Wildlife Raid Oramond	wildlife raid oramond	RP	412	16542283	2026650	18	Solo
41645	Norcferatu -3 & -4	norcferatu -3 & -4	EK	800	36869172	3059667	79	
41632	Seal of destruction	seal of destruction	EK	800	14590103	1770803	70	Team
41567	Double| Iks Occ (Seers)	double iks occ	RP	520	20931433	773609	60	Solo
41547	carlin cults druid	carlin cults druid	ED	226	540638	0	41	Solo
41551	sphinx & lamassu	sphinx & lamassu	ED	226	667829	0	90	Solo
41530	Iks Last Stand (Entrance)	iks last stand	RP	520	8083340	869892	29	Solo
41519	Diremaw (Warzone 6 Task)	diremaw	RP	520	5497321	963604	34	Solo
41508	Wildlife Raid Oramond	wildlife raid oramond	RP	406	6593087	1185553	19	Solo
41505	Wildlife Raid Oramond	wildlife raid oramond	RP	406	6458292	1559833	19	Solo
41478	Lower Rosh	lower rosh	RP	519	6905556	827491	69	Solo
41468	Cobra bastion X4	cobra bastion x4	EK	525	12529776	1525779	95	
41444	Wildlife Raid Oramond	wildlife raid oramond	RP	404	7457656	2074788	15	Solo
41435	iks occ (Mitmah Seers)	iks occ	RP	518	8763078	644352	60	Solo
41417	Diremaw (Warzone 6 Task)	diremaw	RP	517	5182008	818195	48	Solo
41405	fire 4x	fire 4x	EK	761	8761685	4399162	64	
41408	iks occ (Mitmah Seers)	iks occ	RP	517	8719431	609465	35	Solo
41398	mini rosha	mini rosha	ED	226	317618	102104	77	Solo
41376	Warzone 5	warzone 5	RP	517	6822184	922398	51	Solo
41361	Diremaw (Warzone 6 Task)	diremaw	RP	516	6947373	805153	41	Solo
41358	iks occ (Mitmah Seers)	iks occ	RP	516	9498151	586355	51	Solo
41329	Warzone 5	warzone 5	RP	515	9308060	971375	60	Solo
41325	Asura Palace	asura palace	EK	437	4366535	650666	51	Solo
41311	Crumbling Caverns	crumbling caverns	RP	514	7000741	501036	59	Solo
41302	Wintercourt	wintercourt	EM	467	5629851	442285	63	Solo
41294	sphinx & lamassu	sphinx & lamassu	ED	225	734048	0	49	Solo
41283	mini rosha	mini rosha	EK	206	663562	160086	48	Solo
41225	falcons eagle / aguia	falcons eagle / aguia	ED	1058	11029902	2048810	63	Solo
41217	Diremaw (Warzone 6 Task)	diremaw	RP	513	4316740	886104	60	Solo
41192	Catacombs West	catacombs west	RP	403	6170928	246681	37	Solo
41189	Exotic cave + Pirats	exotic cave + pirats	EK	205	398097	0	130	Solo
41161	Hearth Of Destruction (GT rota darashia)	hearth of destruction	EK	621	4793305	1571923	67	Solo
41160	Lower Rosh	lower rosh	RP	512	5450668	953188	60	Solo
41157	Nagas -1	nagas -1	RP	512	5711900	129319	32	Solo
41151	Catacombs East	catacombs east	RP	401	5461110	373631	34	Solo
41136	falcons	falcons	ED	1057	6765943	2518165	63	Solo
41132	Catacombs West	catacombs west	RP	400	5726496	734296	26	Solo
41128	Chapter 4 #5	chapter 4 #5	EK	420	5430972	733734	95	Solo
41127	DUO 277EM + 250EK	duo 277em + 250ek	EK	253	7401909	345502	130	Team
41129	Lizards	lizards	ED	117	153217	0	32	Solo
41124	Castle Inferniarch	castle inferniarch	EK	807	20819799	1247176	60	Solo
41125	iks occ (Mitmah Seers)	iks occ	RP	511	8649295	610320	60	Solo
41122	Winter Court	winter court	RP	511	5819276	662602	30	Solo
41091	Oramond Demons	oramond demons	EK	435	1544863	589041	66	Solo
41079	Weretigers -2 (Fullmoon)	weretigers -2	EM	465	5983632	649252	60	Solo
41076	Book World Ch 3	book world ch 3	RP	510	8705358	599134	60	Solo
41043	Ice library	ice library	RP	494	10318142	1330212	128	
41048	Catacombs West	catacombs west	RP	400	5744720	346945	29	Solo
41046	INQ Demon Forge (The Well of Souls)	inq demon forge	EK	434	1419800	290643	64	Solo
41036	cath full teamf	cath full teamf	EK	351	9214243	841652	80	
41042	true asura duo	true asura duo	EK	753	4447606	2013638	60	Team
41034	Orc Cultist Task	orc cultist task	EK	433	1070710	659357	28	Solo
41032	Rosh West	rosh west	RP	509	7514936	754364	30	Solo
41030	Rosh Shock Heads	rosh shock heads	RP	509	6461828	571210	42	Solo
41012	Deathlings #1	deathlings #1	EK	583	7027333	511011	70	Solo
40999	Azzilon Walls #26	azzilon walls #26	EK	583	9109106	522478	60	Solo
40998	Flimsy Venore	flimsy venore	RP	509	5805590	429068	37	Solo
40974	Catacombs West	catacombs west	RP	398	5777216	613905	31	Solo
40956	Medusa Tower - RP 229 (150%)	medusa tower - rp 229	RP	229	2938705	85657	31	Solo
40912	Oramond Slums	oramond slums	EM	158	1645144	118727	14	Solo
40909	Rapid| Yala Grims	rapid yala grims	RP	508	6744450	0	28	Solo
40901	Azzilon Walls #24	azzilon walls #24	EK	581	16228413	675621	65	Solo
40890	Otherworld duo with ms #2	otherworld duo with ms #2	EK	416	2786416	1000358	124	Team
40889	Otherworld duo with ms #2	otherworld duo with ms #2	EK	416	1946989	1000358	124	Team
40884	[Solo] Summer Court	[solo] summer court	ED	659	6566398	692506	86	Solo
40878	Rapid| Werelions -1	rapid werelions -1	RP	507	4702436	968033	60	Solo
40876	Rapid| Werelions -2	rapid werelions -2	RP	507	5115250	910587	60	Solo
40859	Otherworld duo with ms #1	otherworld duo with ms #1	EK	416	1115255	1416192	72	Team
40841	Rapid| Warzone 5	rapid warzone 5	RP	506	7185741	1166201	31	Solo
40836	Rapid| Iks Entrance (Iks Yapunac)	rapid iks entrance	RP	506	4470540	887713	19	Solo
40816	wz9 duo	wz9 duo	ED	1053	4937280	4461850	59	Team
40812	Catacombs West	catacombs west	RP	395	5993012	271844	30	Solo
40805	Catacombs West	catacombs west	RP	395	6387208	525793	23	Solo
40798	Rapid| Lower Spike	rapid lower spike	RP	505	3478560	1807208	53	Solo
40791	Rapid| Iks Entrance (Iks Yapunac)	rapid iks entrance	RP	505	6901541	941947	36	Solo
40785	Catacombs West	catacombs west	RP	394	5657084	191154	31	Solo
40765	iks occ (Mitmah Seers)	iks occ	RP	504	7651016	298713	45	Solo
40762	bulltauro	bulltauro	EK	744	5471022	1499574	120	Team
40747	FIRE LIBRARY	fire library	MS	1061	10933973	4333783	66	
40692	Deeper Banuta -4	deeper banuta -4	EK	576	5106375	990352	60	Solo
40696	Warzone 5	warzone 5	RP	504	5371974	1093090	60	Solo
40686	Werelions -2	werelions -2	RP	503	4206208	637495	72	Solo
40640	Azzilon Walls #21	azzilon walls #21	EK	577	8543276	509132	173	Solo
40582	falcons eagle / aguia	falcons eagle / aguia	ED	1050	8833647	2285446	64	Solo
40575	FIRE LIBRARY	fire library	MS	1060	22450019	4543489	63	
40572	Rosh West	rosh west	RP	501	6152107	974038	53	Solo
40570	Rosh Bones	rosh bones	RP	501	5806238	503018	60	Solo
40551	Catacombs East	catacombs east	RP	390	4529971	517380	27	Solo
40550	Minotaur Raid Oramond	minotaur raid oramond	RP	390	5088530	997560	19	Solo
40531	Lizard City	lizard city	ED	153	673620	0	121	Solo
40528	Weretigers -2	weretigers -2	RP	501	5448302	552487	71	Solo
40522	falcons eagle / aguia	falcons eagle / aguia	ED	1050	7820822	2385032	63	Solo
40498	Nightmare Isles th #1	nightmare isles th #1	EK	411	3772305	739038	89	Team
40490	wz7	wz7	ED	1049	3780042	2419582	30	Solo
40488	Falcons	falcons	ED	1049	7371086	2383118	60	Solo
40497	Lower Rosh	lower rosh	RP	500	4961479	644085	62	Solo
40475	FIRE LIBRARY	fire library	MS	1058	11900780	3913309	129	
40469	Chapter 4 #4	chapter 4 #4	EK	410	5417760	693694	91	Solo
40471	Iks Last Stand (Entrance)	iks last stand	RP	499	7467335	863527	60	Solo
40466	Wildlife Raid Oramond	wildlife raid oramond	RP	389	7010436	1633950	18	Solo
40457	Wildlife Raid Oramond	wildlife raid oramond	RP	389	7309176	1039692	15	Solo
40456	Catacombs East	catacombs east	RP	389	4565910	572935	26	Solo
40424	falcons	falcons	RP	777	12397486	1849707	90	Solo
40436	Asura Mirror	asura mirror	RP	498	6046508	492222	60	Solo
40418	FIRE LIBRARY	fire library	MS	1058	9429067	3807710	68	
40411	Lower Rosh	lower rosh	RP	497	5458776	750381	60	Solo
40366	FIRE LIBRARY	fire library	MS	1057	12976249	4970303	100	
40355	iks occ (Mitmah Seers)	iks occ	RP	496	11189209	368437	60	Solo
40339	Darklight	darklight	RP	55	50	3028162	85	Team
40316	iks occ (Mitmah Seers)	iks occ	RP	496	7331988	405153	60	Solo
40227	Lower Rosh	lower rosh	RP	495	5408395	693830	60	Solo
40218	Diremaw (Warzone 6 Task)	diremaw	RP	494	3803591	392549	21	Solo
40209	Ice Library X4	ice library x4	RP	680	0	2642088	87	
40198	Ingol -1	ingol -1	MS	932	7886410	1268745	67	Solo
40190	Azzilon basement +1	azzilon basement +1	EK	764	11210712	2379592	64	
40167	Falcons	falcons	RP	775	14502570	1725209	62	Solo
40164	Catacombs East	catacombs east	RP	385	4281501	122262	17	Solo
40166	Nightmare Isle	nightmare isle	RP	494	4346400	339615	36	Solo
40157	Catacombs East	catacombs east	RP	385	3781561	144676	50	Solo
40144	Castle Inferniarch	castle inferniarch	EK	796	20269470	1291562	60	Solo
40125	Chapter 4 #3	chapter 4 #3	EK	405	5043462	651813	84	Solo
40132	Lower Rosh	lower rosh	RP	493	6523281	873958	60	Solo
40121	Rosh Mines (Terror/feversleep)	rosh mines	RP	493	5122649	532667	60	Solo
40102	Buster Spectre Darashia	buster spectre darashia	ED	227	3540501	0	132	Solo
40078	Falcons	falcons	RP	774	14776490	1999674	64	Solo
40092	Lower Rosh	lower rosh	RP	493	5384816	763094	60	Solo
40071	basmu	basmu	RP	774	8032377	1958325	61	Solo
40045	Norc east	norc east	EK	804	17409237	2276207	106	
40059	Norc Castle	norc castle	EK	819	13625176	2758111	84	Team
40024	Rosh Shock Heads	rosh shock heads	RP	492	6457599	616171	60	Solo
40013	Ice Library X4	ice library x4	RP	679	0	2451971	102	
39992	werehyena teste	werehyena teste	RP	165	1592485	24407	28	Solo
39984	Rosh Shock Heads	rosh shock heads	RP	491	6636648	642069	60	Solo
39965	Ice Library X4	ice library x4	RP	679	0	2849139	63	
39955	Oramond Cata (east)	oramond cata	RP	491	6807926	949915	60	Solo
39949	Chapter IV - Book World	chapter iv - book world	MS	11	4905028	487938	30	Solo
39934	Oramond Cata (West & Center)	oramond cata	RP	490	7552558	812822	60	Solo
39920	Ice Library X4	ice library x4	RP	677	0	2790285	109	
39892	Oramond Cata (West & Center)	oramond cata	RP	489	7522584	823904	60	Solo
39875	Cloak x4 [16/11/2025]	cloak x4 [16/11/2025]	EK	794	0	2015875	183	
39874	Cloak x4 [16/11/2025]	cloak x4 [16/11/2025]	EK	794	0	2015875	183	
39870	Azzilon basement +1	azzilon basement +1	EK	757	20602500	2386929	62	
39847	Oramond Cata (West & Center)	oramond cata	RP	489	7283125	552934	60	Solo
39841	Oramond Cata (east)	oramond cata	RP	488	6318731	868874	60	Solo
39794	Azzilon basement +1	azzilon basement +1	EK	755	20265140	2362064	69	
39787	Oramond Cata (West & Center)	oramond cata	RP	488	7335237	755604	60	Solo
39777	Oramond Cata (West & Center)	oramond cata	RP	486	9132671	634946	60	Solo
39773	Oramond Cata (east)	oramond cata	RP	486	6500546	627774	60	Solo
39755	Azzilon basement +1	azzilon basement +1	EK	754	21266187	3252383	80	
39754	Oramond Cata (east)	oramond cata	RP	485	6154914	666387	60	Solo
39719	Fiehonja Deathlings	fiehonja deathlings	RP	504	4069957	138443	60	Solo
39807	Ice Library X4	ice library x4	RP	676	0	3183446	71	
39686	iks occ (Mitmah Seers)	iks occ	RP	484	6916498	381727	60	Solo
39658	Lower Rosh	lower rosh	RP	483	5382483	799311	60	Solo
39806	Ice Library X4	ice library x4	RP	676	0	2276487	124	
39610	Rosh Shock Heads	rosh shock heads	RP	483	5817996	425669	60	Solo
39805	Ice Library X4	ice library x4	RP	676	0	4457604	76	
39560	Weretigers -1	weretigers -1	RP	482	9504111	416136	60	Solo
39804	Ice Library X4	ice library x4	RP	676	0	2594407	158	
39531	Azzilon basement +1	azzilon basement +1	EK	747	32196338	2163899	107	
39505	Lower Rosh	lower rosh	RP	481	10776786	801233	60	Solo
39803	Ice Library X4	ice library x4	MS	791	0	3874763	169	
39488	Podzilla -2 (x5)	podzilla -2	MS	992	28042328	1802824	125	
39484	Bounacean Lion	bounacean lion	ED	561	16020749	1041862	61	Solo
39453	Issavi Sewers | x2	issavi sewers x2	ED	560	13459593	1285833	60	Team
39444	Murky Caverns -2	murky caverns -2	ED	559	12026095	1174070	61	Solo
39442	Weretigers -2	weretigers -2	RP	480	13468438	414790	30	Solo
39436	iks occ (Mitmah Seers)	iks occ	RP	479	13720761	386379	60	Solo
39415	—	—	EK	1076	16129957	1145454	65	Solo
39422	Podzilla -2 (x5)	podzilla -2	EK	850	25471162	1244866	153	
39368	Norc East	norc east	ED	736	37338546	3212324	114	
39400	Warzone 4	warzone 4	EK	413	13758677	877535	115	Solo
39361	iks occ (Mitmah Seers)	iks occ	RP	477	17278709	335417	63	Solo
39349	Azzilon Castle | x2	azzilon castle x2	ED	558	9137950	1250518	60	Team
39346	Rosh Shock Heads	rosh shock heads	RP	477	5647307	324116	42	Solo
39339	Rosh Shock Heads	rosh shock heads	RP	476	5815252	484556	60	Solo
39315	Winter Court	winter court	EK	550	5974188	955668	30	Solo
39802	Ice Library X4	ice library x4	RP	676	0	2679168	99	
39306	Cloack of terror	cloack of terror	ED	818	12195418	4490077	103	
39300	cult carlin com party	cult carlin com party	EM	101	660144	0	27	Solo
39289	COBRA DUO EK/ED	cobra duo ek/ed	ED	529	5600681	375749	114	Team
39293	Rosh Shock Heads	rosh shock heads	RP	476	5558682	746325	60	Solo
39275	Lower Rosh	lower rosh	RP	475	5347234	1042814	60	Solo
39801	Ice Library X4	ice library x4	RP	676	0	3207906	86	Solo
39258	Lower Rosh	lower rosh	RP	475	5377817	788528	60	Solo
39800	Ice Library X4	ice library x4	RP	676	0	3278006	102	
39208	Otherworld Kazordoon	otherworld kazordoon	RP	237	2259452	0	30	Solo
39210	Lower Rosh	lower rosh	RP	474	5493843	806444	60	Solo
39197	Lower Rosh	lower rosh	RP	474	8311830	785857	60	Solo
39799	Ice Library X4	ice library x4	RP	676	0	2850191	92	
39172	Azzilon Walls #8	azzilon walls #8	EK	557	10772897	639209	59	Solo
39174	Azzilon basement +1	azzilon basement +1	EK	736	16406052	2460443	90	
39145	Weretigers -1	weretigers -1	RP	474	7461636	495406	30	Solo
39128	Ice Library	ice library	ED	1042	0	3343188	138	
39111	PT X4 650 - Cloak [01/11/2025]	pt x4 650 - cloak [01/11/2025]	EK	821	6430312	1489504	142	
39100	Weretigers -2	weretigers -2	RP	473	5963718	623952	60	Solo
39090	Pirats	pirats	EM	275	2605971	627643	67	Solo
39058	Lower Rosh	lower rosh	RP	473	5472178	597282	30	Solo
39048	duo norx east	duo norx east	EK	895	18178506	1355189	93	Team
39798	Ice Library X4	ice library x4	RP	676	0	4856674	95	
39047	—	—	MS	832	6637241	1355526	53	Solo
39045	Podzilla -2	podzilla -2	EK	847	14073396	1176764	106	Solo
39017	Norc Castle	norc castle	EK	785	10022239	910231	60	Solo
39019	iks occ (Mitmah Seers)	iks occ	RP	472	6247904	195518	60	Solo
39014	Mega Dragon	mega dragon	ED	730	16907335	2838723	115	
39797	Ice Library X4	ice library x4	RP	676	0	2882394	98	
38991	cloack of terror	cloack of terror	ED	817	12947426	2943162	120	
38980	Winter Courts	winter courts	EK	513	7015388	857901	119	Solo
38977	Lower Rosh	lower rosh	RP	472	5257236	774782	60	Solo
38955	Yalahar Grim Reaper	yalahar grim reaper	EM	193	5503916	0	54	Solo
38949	Norc Castle	norc castle	EK	784	15913824	909328	60	Solo
38951	Lower Rosh	lower rosh	RP	471	5243806	583666	35	Solo
39796	Ice Library X4	ice library x4	RP	676	0	2667828	106	
38936	Podzilla -2	podzilla -2	EK	847	20175266	1143088	102	
38925	Azzilon Castle | x2	azzilon castle x2	ED	556	10874711	1583092	60	Team
38918	Winter Courts	winter courts	EK	511	6673646	878681	63	Solo
38912	Abandoned Sewers	abandoned sewers	RP	471	4368775	651416	28	Solo
38898	Mega Dragon	mega dragon	ED	729	12175011	2625411	80	
38887	Carnivour	carnivour	RP	335	1641164	268165	31	Solo
39795	Ice Library X4	ice library x4	RP	676	0	2818853	117	
38888	Carnivour	carnivour	RP	335	1464566	296964	30	Solo
38876	Chapter 4 #1	chapter 4 #1	EK	553	5866641	979690	53	Solo
38886	Bashmu	bashmu	RP	724	5613747	1825405	137	Solo
38869	Diremaw (Warzone 6 Task)	diremaw	RP	471	3990860	729571	62	Solo
38855	Warzone 3 (2h15)	warzone 3	EK	937	13223104	2283331	135	Solo
38836	Yalahar Grim Reaper	yalahar grim reaper	EM	189	3821813	0	54	Solo
38835	Yalahar Grim Reaper	yalahar grim reaper	EM	189	3130163	0	49	Solo
38817	Energy Library	energy library	RP	1107	11948617	3445581	70	
38812	Drefia Grim Reaper	drefia grim reaper	EM	188	2430498	0	35	Solo
38815	Weretigers -2	weretigers -2	RP	470	5408869	514807	33	Solo
38802	Burster Spectre #61	burster spectre #61	EK	552	13588877	534967	17	Solo
38803	Weretigers -2	weretigers -2	RP	470	5304374	522793	55	Solo
38793	Asura Palace	asura palace	EM	186	3990873	49606	38	Solo
38789	Nimmersat (post nerf)	nimmersat	EK	729	17670463	3213859	69	
38785	Energy Library	energy library	EK	934	12949796	2709950	201	
38760	Azzilon Castle | x2	azzilon castle x2	ED	555	9167322	1480870	61	Team
38750	Candia Chocolate Mines -2	candia chocolate mines -2	EK	545	3811320	363488	15	Solo
38749	Abandoned Sewers	abandoned sewers	RP	469	6105116	660749	56	Solo
38726	Burster Spectre #60	burster spectre #60	EK	551	7194960	388848	25	Solo
38729	Nimmersat (post nerf)	nimmersat	EK	728	15912354	3199996	78	
38709	Werecroc -1	werecroc -1	RP	469	5164032	521441	56	Solo
38695	Ice Library X4	ice library x4	RP	661	0	3271456	117	
38674	duo -1 prison testing	duo -1 prison testing	EK	357	1762723	181648	87	Team
38686	Werecroc -1	werecroc -1	RP	469	5287609	539015	45	Solo
38664	Ingol Surface	ingol surface	MS	958	16766326	3176573	65	Solo
38667	Werecroc -1	werecroc -1	RP	468	5098546	638960	60	Solo
38628	Burster Spectre #59	burster spectre #59	EK	550	7392917	522242	68	Solo
38625	Werecrocs -2	werecrocs -2	RP	468	4584540	626808	15	Solo
38613	Book World Ch 3	book world ch 3	RP	468	4841946	447068	30	Solo
38603	Ice Library X4	ice library x4	RP	660	0	2390557	103	
38570	Abandoned Sewers	abandoned sewers	RP	467	5192772	441587	58	Solo
38541	True asuras	true asuras	ED	575	5528374	2050521	91	
38548	Azzilon Castle | x2	azzilon castle x2	ED	555	11374033	1489486	62	Team
38529	Werelions -1	werelions -1	RP	466	4725003	856089	55	Solo
38528	Werelions -2	werelions -2	RP	466	4430370	736090	30	Solo
38520	Ice Library X4	ice library x4	RP	659	0	3142266	107	
38506	Cobras	cobras	ED	574	9792558	1663928	40	Team
38507	Cobras	cobras	ED	574	0	1656828	24	
38513	Nimmersat (post nerf)	nimmersat	EK	723	16410363	3238701	69	
38510	Diremaw (Warzone 6 Task)	diremaw	RP	466	4137382	895636	40	Solo
38498	Burster Spectre #58	burster spectre #58	EK	549	7220571	374496	63	Solo
38490	Diremaw (Warzone 6 Task)	diremaw	RP	465	4233343	754901	60	Solo
38485	iks occ (Mitmah Seers)	iks occ	RP	465	7311270	482032	30	Solo
38484	iks occ (Mitmah Seers)	iks occ	RP	465	7031754	370528	30	Solo
38465	Azzilon basement +1	azzilon basement +1	EK	721	24237439	2216837	84	
38447	iks occ (Mitmah Seers)	iks occ	RP	464	11027508	290196	30	Solo
38408	Diremaw (Warzone 6 Task)	diremaw	RP	464	4107148	711210	60	Solo
38400	Prison -3 Demon Boost 03	prison -3 demon boost 03	EK	821	22273671	2455058	107	Team
38386	Ice Library X4	ice library x4	RP	657	0	2538340	114	
38366	Diremaw (Warzone 6 Task)	diremaw	RP	464	3868846	668511	45	Solo
38346	Exotic cave spider -1 -2 MK 188	exotic cave spider -1 -2 mk 188	EM	188	1678954	214790	30	Solo
38385	Ice Library X4	ice library x4	RP	657	0	2532134	104	
38299	elfy	elfy	EM	405	8904489	426122	53	Solo
38309	Norc Caastle	norc caastle	EK	766	9962394	626413	60	Solo
38303	Diremaw (Warzone 6 Task)	diremaw	RP	463	3938961	787972	60	Solo
38300	Oramond wildlife raid	oramond wildlife raid	RP	463	6061356	607284	10	Solo
38293	Ice Library X4	ice library x4	RP	657	0	3209517	110	
38260	Roshamuul West - First run	roshamuul west - first run	RP	502	4907536	333907	18	Solo
38254	Oramond Mino raid	oramond mino raid	RP	463	5101556	2769473	17	Solo
38236	Ice Library X4	ice library x4	RP	656	0	3111270	81	
38218	Norcferatu Fortress | x2	norcferatu fortress x2	ED	554	9153399	1617748	59	Solo
38207	Book World Ch 3 | Duo	book world ch 3 duo	ED	414	3413765	559762	41	Team
38199	Oramond Cata (West)	oramond cata	RP	462	6672272	557737	31	Solo
38176	Ice Library X4	ice library x4	RP	655	0	3388614	109	
38147	Issavi Crypts	issavi crypts	EK	593	12404958	437881	60	Solo
38154	GT area svar	gt area svar	RP	610	5547172	936083	62	Solo
38145	Oramond wildlife raid	oramond wildlife raid	RP	461	6594072	981982	19	Solo
38144	Book World Ch 3	book world ch 3	RP	461	5054690	485541	31	Solo
38130	—	—	EK	1075	7461412	1497864	63	Solo
38122	Book World Ch 3	book world ch 3	RP	461	4937883	473824	33	Solo
38101	Oramond Cata (west)	oramond cata	RP	461	9912012	301294	30	Solo
38092	Cobras	cobras	ED	572	13173235	1543726	93	Team
38099	Oramond Cata (west)	oramond cata	RP	460	6808252	561116	15	Solo
38080	Ingol -3	ingol -3	RP	1092	20577664	3861125	134	
38081	—	—	EK	1075	5706310	874040	46	Solo
38048	fire lib x4	fire lib x4	ED	857	20198324	5665476	63	
38058	Abandoned Sewers	abandoned sewers	RP	460	4903844	657694	30	Solo
38040	Ice Library X4	ice library x4	RP	654	0	3025571	89	
38011	Oramond wildlife raid	oramond wildlife raid	RP	460	6732800	3261680	15	Solo
38000	Book World Ch 3	book world ch 3	RP	459	4999471	553982	50	Solo
37993	Oramond wildlife raid	oramond wildlife raid	RP	459	5982245	1696309	11	Solo
37983	WARZONE 5	warzone 5	EK	411	2997824	383608	58	Solo
37977	Ice Library X4	ice library x4	ED	783	0	2981308	134	
37963	—	—	EK	1075	6547113	1168471	46	Solo
37931	Ice Library X4	ice library x4	RP	652	0	3847846	117	
37903	DRAKEN WALLS NORTH	draken walls north	EK	411	2736581	656701	48	Solo
37897	Crystal Enigma - Carrinho 2 Gnomprona - HZ 10	crystal enigma - carrinho 2 gnomprona - hz 10	EK	1200	29018644	5558485	130	
37894	Venore Flimsys	venore flimsys	RP	854	8853559	144268	135	Solo
37888	DRAKEN WALLS NORTH	draken walls north	EK	410	2540492	667858	52	Solo
37859	Fire libka z Wizakiem	fire libka z wizakiem	MS	732	17924797	3471766	145	
37849	Diremaw (Warzone 6 Task)	diremaw	RP	459	4061386	708180	30	Solo
37835	Ice Library X4	ice library x4	RP	651	0	2201699	97	
37826	Ingol -3	ingol -3	RP	1090	18557503	4198014	62	
37817	Werehyena (South) - 40min/371lvl	werehyena - 40min/371lvl	MS	371	3977948	647707	42	Solo
37824	True asuras -2	true asuras -2	EK	713	6665904	1897819	107	Team
37809	Oramond Cata (west)	oramond cata	RP	458	6445971	474558	34	Solo
37808	Oramond wildlife raid	oramond wildlife raid	RP	458	6218002	544986	21	Solo
37807	Turtles maur -2	turtles maur -2	RP	458	3339708	781434	32	Solo
37806	Summer Court	summer court	EK	534	7426304	1006544	15	Solo
37782	Oramond Cata (west)	oramond cata	RP	457	7162764	702057	45	Solo
37778	Oramond Cata (east)	oramond cata	RP	457	6504492	345714	30	Solo
37775	Dragolisk	dragolisk	EK	711	19778608	3106729	60	
37761	Norc East	norc east	ED	707	14821249	2781689	105	
37747	Cobras	cobras	ED	572	8973923	1610583	64	Team
37757	Norc East	norc east	ED	707	14633409	2800757	61	
37755	Oramond Cata (east)	oramond cata	RP	457	9253166	461498	32	Solo
37749	Weretigers -2	weretigers -2	RP	456	4961845	507666	40	Solo
37731	Falcons	falcons	ED	571	10100236	1972116	86	Team
37729	Rootthings +4	rootthings +4	ED	1311	29800892	3453794	70	
37725	Ingol -3	ingol -3	RP	1088	12930681	3363447	142	
37740	Weretigers -2	weretigers -2	RP	456	4989131	540205	31	Solo
37722	Falcon Bastion	falcon bastion	MS	528	5333345	1225884	84	Solo
37719	Ripper Spectre	ripper spectre	ED	315	5922913	671755	50	Team
37717	Weretigers -2	weretigers -2	RP	456	4755520	412818	30	Solo
37702	Iksupan Last Stand	iksupan last stand	ED	552	7630980	1493686	61	Solo
37690	Ice Library X4	ice library x4	RP	650	0	2716753	84	
37675	Cobras	cobras	ED	569	13710391	2132078	105	
37673	Nimmersatt Dragon -7	nimmersatt dragon -7	RP	1087	12632269	2989012	128	Solo
37668	Book World Ch 3	book world ch 3	RP	456	4666501	553939	31	Solo
37667	Weretigers -2	weretigers -2	RP	455	5041954	415626	30	Solo
37632	Book World Ch 4	book world ch 4	RP	455	5399202	401432	40	Solo
37609	Falcons	falcons	ED	568	10995773	2136751	129	Team
37610	Walls South	walls south	EK	225	2391709	294541	55	Solo
37608	Edron Werecave with 5 bosses	edron werecave with 5 bosses	ED	172	1153770	197637	20	Solo
37599	Azilon Castle	azilon castle	ED	703	15009972	2452811	60	
37595	Iksupan Last Stand	iksupan last stand	ED	551	9302821	1514584	61	Solo
37579	Ice Library X4	ice library x4	RP	650	0	2946240	94	
37565	Cobras	cobras	ED	566	11589344	1524167	140	
37558	Norcferatu - ogrywanie spota w 4vocu	norcferatu - ogrywanie spota w 4vocu	ED	825	14956917	2090722	161	
37554	Book World Ch 4	book world ch 4	RP	455	5394426	372042	30	Solo
37547	Oramond Cata (west)	oramond cata	RP	454	5770292	163179	28	Solo
37540	Iksupan Last Stand	iksupan last stand	ED	550	7216685	1348057	61	Solo
37526	Ice Library X4	ice library x4	RP	649	0	2764806	113	
37500	Cobras	cobras	ED	563	15283315	1409948	159	
37498	Book World Ch 4	book world ch 4	RP	454	5471905	447406	31	Solo
37462	WC RP Duo	wc rp duo	RP	411	3859111	389191	65	Team
37456	Ice Library X4	ice library x4	RP	648	0	2899648	124	
37454	Grim Reaper Yalahar	grim reaper yalahar	EK	358	10399509	319332	120	Solo
37444	Cobras	cobras	ED	561	14439501	1723467	79	Team
37453	Falcon head | x2	falcon head x2	ED	550	6849263	1941477	60	Team
37439	Cobras	cobras	ED	561	18575637	1783787	50	
37447	Dragolisk	dragolisk	EK	705	19291458	3205529	84	
37440	Dragolisk	dragolisk	EK	705	24475369	3191961	95	
37406	Azzi Surface (Monk, EK, RP)	azzi surface	EM	440	11962302	387639	68	
37418	iks occ (Mitmah Seers)	iks occ	RP	454	6977309	253823	31	Solo
37410	Oramond Cata (east)	oramond cata	RP	451	5520986	208496	32	Solo
37404	iks occ (Mitmah Seers)	iks occ	RP	451	7048490	293006	32	Solo
37391	Book World Ch 4	book world ch 4	RP	451	4699461	481212	31	Solo
37371	Grim Reaper Yalahar	grim reaper yalahar	EK	356	7901715	223592	111	Solo
37360	GT close	gt close	EK	717	5831649	1514655	43	Solo
37357	SEACREST SERPET	seacrest serpet	EK	409	1856451	266033	62	Solo
37349	Oramond wildlife raid	oramond wildlife raid	RP	450	9349022	2971638	23	Solo
37352	Norcferatus WEST	norcferatus west	ED	755	22006040	1781072	132	
37348	Azilon Castle	azilon castle	ED	611	13608867	2219666	120	
37340	Oramond wildlife raid	oramond wildlife raid	RP	450	6512412	562596	10	Solo
37358	Grim Reaper Yalahar	grim reaper yalahar	EK	356	8317237	65569	60	Solo
37331	sphinx and lamassu	sphinx and lamassu	ED	230	462736	0	116	Solo
37309	Haunted Mansion	haunted mansion	EK	220	3508699	299998	88	Solo
37294	Oramond Cata (east)	oramond cata	RP	450	5976269	267263	31	Solo
37292	Azilon Castle	azilon castle	ED	608	14357920	2292099	120	
37285	Oramond Cata (east)	oramond cata	RP	449	5560822	247579	34	Solo
37229	805 RP - 730 EM Duo Norcferatu East	805 rp - 730 em duo norcferatu east	EM	733	29512960	2183170	194	Team
37269	Lion Sanctum -1	lion sanctum -1	EK	354	4018174	354865	31	Solo
37268	Lion Sanctum -1	lion sanctum -1	EK	354	3841126	387693	62	Solo
37272	Ice Library X4	ice library x4	RP	647	0	2749288	101	
37243	Falcons	falcons	ED	559	13168822	1895166	118	Team
37265	carrinho 3 +magma 1:45m	carrinho 3 +magma 1:45m	RP	973	13283148	1807030	124	
37266	carrinho 3 +magma 1:45m	carrinho 3 +magma 1:45m	RP	974	0	1807030	124	
37264	Prona Kart 3 Left	prona kart 3 left	RP	973	0	1807030	124	
37250	Abandoned Sewers	abandoned sewers	RP	449	4206510	448207	26	Solo
37249	Norcferatu Frotress | x2	norcferatu frotress x2	ED	550	13082471	2044607	60	Team
37224	Oramond wildlife raid	oramond wildlife raid	RP	449	5929090	2818701	17	Solo
37220	Oramond Cata (east)	oramond cata	RP	449	4423960	41837	25	Solo
37258	Lion Sanctum -1	lion sanctum -1	EK	354	5840734	271547	62	Solo
37271	Ice Library X4	ice library x4	RP	647	0	2610193	110	
37177	Ingol -3	ingol -3	RP	1084	27230078	4190529	133	
37167	Cobras	cobras	ED	556	14582758	2183112	209	
37180	Edron Were cave3	edron were cave3	ED	168	1172106	29633	26	Solo
37172	Terramite Ankrahmun	terramite ankrahmun	RP	34	56826	7015	143	Solo
37158	Azilon Castle	azilon castle	ED	605	14954180	2051156	62	
37153	Oramond Cata (east)	oramond cata	RP	448	4568430	381426	32	Solo
37144	Azilon Castle	azilon castle	ED	604	22743733	1970125	66	
37146	Crystal Enigma - Carrinho 2 Gnomprona - HZ 9	crystal enigma - carrinho 2 gnomprona - hz 9	EK	1192	25159424	4910026	142	
37127	Lion Sanctum -1	lion sanctum -1	EK	351	3572846	425712	119	Solo
37123	Ice Library X4	ice library x4	RP	645	0	2602601	113	
37098	Cobras	cobras	ED	554	12856870	1522705	115	Team
37110	Azzilon Castle | x2	azzilon castle x2	ED	548	9372317	1680215	59	Team
37100	BANUTA -4	banuta -4	EK	408	3174394	429009	40	Solo
37082	Cobras	cobras	ED	552	15964724	1767312	82	Team
37089	BANUTA -4	banuta -4	EK	408	3125731	582258	40	Solo
37087	Weretigers -2	weretigers -2	RP	448	4756020	417896	30	Solo
37086	Oramond wildlife raid	oramond wildlife raid	RP	448	6046836	1986843	18	Solo
37085	Edron Were cave2	edron were cave2	ED	168	1173645	13692	24	Solo
37083	Edron Were cave1	edron were cave1	ED	167	907515	154375	34	Solo
37074	Azilon Castle	azilon castle	ED	605	19403511	1990355	61	
37072	Book World - Chapter III	book world - chapter iii	ED	547	5185054	783543	61	Solo
37053	Ingol -3	ingol -3	RP	1083	23510705	5146664	153	
37049	Norcferatu Fortress | x2	norcferatu fortress x2	ED	547	10148127	1673898	60	Solo
37035	Cobras	cobras	ED	551	11415665	1621478	81	Team
37030	Marapur turtles -2	marapur turtles -2	RP	603	4956380	1356728	61	Solo
37025	Book World - Chapter III	book world - chapter iii	ED	546	5072261	703447	63	Solo
37010	Ingol -3	ingol -3	RP	1082	20224146	4725919	133	
37009	Dragolisk	dragolisk	EK	698	14479809	3200903	85	
37005	Dragolisk	dragolisk	EK	698	20881270	3384648	101	
36992	Ripper Spectre	ripper spectre	MS	630	5462492	839651	60	Solo
36980	Ingol -3	ingol -3	RP	1081	24953309	4889734	64	
36983	Oramond Cata (east)	oramond cata	RP	447	5114610	323972	30	Solo
36970	Dragolisk	dragolisk	EK	696	19410233	3080760	95	
36930	Ingol -3	ingol -3	RP	1080	23508725	4634938	67	
36929	Ingol -3	ingol -3	RP	1080	25388888	4984050	61	
36940	Crystal Enigma - Carrinho 2 Gnomprona - HZ 9	crystal enigma - carrinho 2 gnomprona - hz 9	EK	1186	27816262	5455888	137	
36933	Oramond wildlife raid	oramond wildlife raid	RP	447	7971236	2084420	15	Solo
36931	Turtles maur -2	turtles maur -2	RP	447	3273976	645532	30	Solo
36927	Turtles maur	turtles maur	RP	447	3056075	724000	42	Solo
36912	Ingol -3	ingol -3	RP	1080	23023969	4319185	69	
36934	Grim Reaper Yalahar	grim reaper yalahar	EK	348	7779618	215954	64	Solo
36919	Dragolisk	dragolisk	EK	694	15800861	3198761	81	
36904	iks occ (Mitmah Seers)	iks occ	RP	446	6183517	291106	34	Solo
36885	Grim Reaper Yalahar	grim reaper yalahar	EK	344	7099289	99530	125	Solo
36879	Dragolisk	dragolisk	EK	693	18560898	3039452	78	
36869	Roshamuul West	roshamuul west	RP	591	14846954	873264	125	Solo
36852	Crystal Enigma - Carrinho 2 Gnomprona - HZ 9 - 1 Plunder	crystal enigma - carrinho 2 gnomprona - hz 9 - 1 plunder	EK	1184	28138114	6962008	133	
36840	Ice Library X4	ice library x4	RP	642	9429555	2696993	71	
36826	Energy Library	energy library	RP	1078	21370565	3883941	67	
36805	Crystal Enigma - Carrinho 2 Gnomprona - HZ 9	crystal enigma - carrinho 2 gnomprona - hz 9	EK	1183	25305811	4189372	142	
36789	Warzone 6	warzone 6	MS	631	5006443	1339026	60	Solo
36781	Ice Library X4	ice library x4	RP	642	0	2898570	75	
36780	Grim Reaper Yalahar	grim reaper yalahar	EK	342	6865701	192596	97	Solo
36774	Energy Library	energy library	RP	1077	18389967	3899592	202	
36754	Warzone 6	warzone 6	MS	630	4592065	1045541	60	Solo
36736	Ice Library X4	ice library x4	RP	640	11257456	2672711	107	
36724	Energy Library	energy library	RP	1077	17465073	3933229	131	
36711	Cobras	cobras	ED	550	14060019	1614191	50	Team
36710	Oramond wildlife raid	oramond wildlife raid	RP	446	6009030	2094489	26	Solo
36691	Norcferatu east Duo 01	norcferatu east duo 01	EK	801	20015633	2132138	84	Team
36669	Cobras	cobras	ED	548	12759600	1592182	93	Team
36639	785 RP - 700 EM Duo Norcferatu East	785 rp - 700 em duo norcferatu east	EM	701	24119571	1406160	132	Solo
36678	Azzilon basement +1	azzilon basement +1	EK	690	9875012	1797645	84	
36668	Azzilon Castle | x2	azzilon castle x2	ED	544	9341604	1427192	61	Team
36660	Warzone 6	warzone 6	MS	630	4888390	1151274	61	Solo
36632	Cobras	cobras	ED	546	13463089	1718674	68	Team
36635	iks occ (Mitmah Seers)	iks occ	RP	445	10893267	315594	31	Solo
36630	Grim Reaper Yalahar	grim reaper yalahar	EK	341	5709089	495983	65	Solo
36618	Dragolisk	dragolisk	EK	688	16700965	3275638	77	
36602	Oramond wildlife raid	oramond wildlife raid	RP	445	5629005	404305	12	Solo
36594	Werelion -1 Ring Bis + Werewolf	werelion -1 ring bis + werewolf	EK	480	4868669	1071854	61	Solo
36583	Ingol -3	ingol -3	RP	1074	22789782	4526774	71	
36629	Grim Reaper Yalahar	grim reaper yalahar	EK	341	8173499	216521	66	Solo
36533	Norc Fort East Duo	norc fort east duo	EM	698	27070960	1375524	118	Team
36574	Grim Reaper Yalahar	grim reaper yalahar	EK	338	7329228	179169	46	Solo
36546	Werelion -1 RIng Bis + Werewolf	werelion -1 ring bis + werewolf	EK	480	4955215	1108070	60	Solo
36536	Warzone 6	warzone 6	MS	629	4779908	1586706	60	Solo
36535	Werecroc -1	werecroc -1	RP	445	5384200	647295	28	Solo
36523	Other World	other world	RP	221	4449481	894569	46	Solo
36513	The Inquisition - Vats	the inquisition - vats	RP	493	3561175	37518	60	Solo
36512	Ingol -3	ingol -3	RP	1073	24657926	4403050	63	
36735	Ice Library X4	ice library x4	RP	640	4890250	2410905	107	Solo
36508	Cobras	cobras	ED	545	12177658	1633872	86	Team
36498	MINO CULTS	mino cults	EK	406	1506007	635043	82	Solo
36480	Flimsy clean ( no prey)	flimsy clean	RP	1072	12370386	1573600	60	Solo
36488	AZABILON X4	azabilon x4	MS	451	3740406	678947	124	
36485	Oramond wildlife raid	oramond wildlife raid	RP	444	6251145	658365	8	Solo
36483	Bounacean Lion	bounacean lion	ED	541	7618462	875619	60	Solo
36484	Book World Ch 4	book world ch 4	RP	444	5188901	443149	33	Solo
36456	Cobras	cobras	ED	543	13133647	1574987	100	Team
36463	Norcferatu Fortress | x2	norcferatu fortress x2	ED	540	11847101	1943235	60	Team
36443	elfo de fogo	elfo de fogo	EK	876	5857398	978853	81	Solo
36436	Book World Ch 4	book world ch 4	RP	444	4642073	424654	28	Solo
36419	Ice Library X4	ice library x4	RP	639	10905641	3069129	98	
36420	Grim Reaper Yalahar	grim reaper yalahar	EK	330	7478003	330013	130	Solo
36406	Ingol -3	ingol -3	RP	1071	23227376	4193440	135	
36398	iks occ (Mitmah Seers)	iks occ	RP	443	6968115	336508	28	Solo
36396	DIREMAW TASK AREA	diremaw task area	EK	405	2490927	574993	43	Solo
36376	Cobras	cobras	ED	541	12114057	1436163	103	Team
36379	Bounacean Lion	bounacean lion	ED	538	7373956	850077	61	Solo
36384	Falcons 3 Voc	falcons 3 voc	EK	573	3856739	1296543	79	
36364	Grim Reaper Yalahar	grim reaper yalahar	EK	330	7548750	72396	42	Solo
36366	Ice Library X4	ice library x4	RP	639	11059508	3143222	117	
36347	Ingol -3	ingol -3	RP	1070	22507941	4632425	140	
36351	Norcferatu Fortress	norcferatu fortress	EM	645	19963155	729692	60	Solo
36319	Sphinx / crypt warden	sphinx / crypt warden	ED	541	0	818366	74	Team
36323	iks occ (Mitmah Seers)	iks occ	RP	443	6411873	165656	32	Solo
36313	Grim Reaper Yalahar (Double)	grim reaper yalahar	EK	325	13092441	154259	97	Solo
36289	Ingol -3	ingol -3	RP	1065	91942016	5190179	131	
36306	Ice Library X4	ice library x4	ED	628	27083710	3092023	118	
36295	Issavi Sewers | x2	issavi sewers x2	ED	536	14710227	1499826	60	Team
36296	Gloom (double)	gloom	RP	1622	61880197	10105878	194	
36291	Library ice x4 ❄️	library ice x4 ❄️	MS	447	8897764	1323193	224	
36292	Norcferatu Fortress (Double XP)	norcferatu fortress	EM	640	26589955	650304	183	Solo
36277	Issavi Sewers | x2	issavi sewers x2	ED	535	14084136	1298051	60	Team
36276	Grim Reaper Yalahar (Double)	grim reaper yalahar	EK	320	12150665	219790	125	Solo
36245	Ingol -3	ingol -3	RP	1065	34161760	5065575	66	
36243	Werecroc -1	werecroc -1	RP	442	10300145	468116	33	Solo
36271	Ancient Scarabs - Ankrahmun lvl 55	ancient scarabs - ankrahmun lvl 55	ED	63	902255	0	77	Solo
36235	Grim Reaper Yalahar (Double)	grim reaper yalahar	EK	315	9606564	220169	141	Solo
36223	Ingol -3	ingol -3	RP	1064	31632528	4333618	208	
36297	Ice Library X4	ice library x4	RP	635	20910786	2955789	160	Solo
36207	Catedra	catedra	EK	395	11694848	658506	154	Team
36221	Werecroc -1	werecroc -1	RP	441	9762181	522324	32	Solo
36217	Library ice x4 ❄️	library ice x4 ❄️	MS	440	12980661	1620155	170	
36218	Gloom X4 (double)	gloom x4	RP	1620	66625589	7497148	180	
36211	Grim Reaper Yalahar (Double)	grim reaper yalahar	EK	309	12541705	131725	149	Solo
36270	MoTA - Fury lvl 48	mota - fury lvl 48	ED	63	981368	57107	50	Solo
36169	Ingol -3	ingol -3	RP	1063	40673857	4306856	59	
36178	Werecroc -1	werecroc -1	RP	441	9895824	627544	30	Solo
36173	Roshamuul West	roshamuul west	RP	572	22902208	761421	132	Solo
36168	Werecroc -1	werecroc -1	RP	440	12435274	468658	31	Solo
36158	mirror double	mirror double	EM	360	15042865	690946	38	Solo
36164	Magician Quarter Yalahar - ED lvl 40	magician quarter yalahar - ed lvl 40	ED	40	646731	154589	65	Solo
36162	Ice Library X4	ice library x4	RP	627	23204599	2679875	165	
36134	Ingol -3	ingol -3	RP	1060	37962922	4324581	204	
36130	Marapur turtles -2	marapur turtles -2	RP	601	8779105	1200173	98	Solo
36145	Grim Reaper Yalahar (Double)	grim reaper yalahar	EK	301	14025871	129876	157	Solo
36150	Aranha Esq	aranha esq	RP	1619	59221230	5860602	190	
36126	CARNIVORA	carnivora	EK	403	4308612	487531	45	Solo
36103	Werelions - Doble XP	werelions - doble xp	EK	399	7513645	426111	61	Solo
36116	Mithmah Seer (Iksupan Undercity)	mithmah seer	RP	571	12617896	105580	66	Solo
36104	Werecroc -1	werecroc -1	RP	440	9967355	339836	34	Solo
36065	Marapur turtles -2	marapur turtles -2	RP	600	7883143	1194490	75	Solo
36058	Werecroc -1	werecroc -1	RP	439	8757102	635310	30	Solo
36047	Weretigers -2	weretigers -2	RP	439	8324712	549794	30	Solo
36044	Ice Library X4	ice library x4	RP	627	10777992	3103225	104	
36033	Marapur turtles -2	marapur turtles -2	RP	600	4430007	1082641	82	Solo
36018	DIREMAW TASK AREA	diremaw task area	EK	402	2816844	635721	59	Solo
36016	Bakra + ichaga	bakra + ichaga	RP	1810	0	785015242	27	
36003	Marapur turtles -2	marapur turtles -2	RP	599	4875490	1093852	56	Solo
36010	Gnomprona 3 Left /5	gnomprona 3 left /5	EK	1348	16843360	4368101	196	
35970	Werelions -1	werelions -1	RP	491	4450860	711765	60	Solo
35982	CRAWLER - GRAY ISLAND	crawler - gray island	EK	402	949812	1328516	42	Solo
35991	Ice Library x 4	ice library x 4	RP	502	8560300	2976292	94	
35963	Falcons - Duo ED 424 Fixiuku	falcons - duo ed 424 fixiuku	ED	424	4484573	1191120	68	Team
35966	Ingol -3	ingol -3	RP	1059	22178688	4351056	135	
35985	Ice Library x 4	ice library x 4	RP	502	9473933	3321157	36	
35961	Roshamuul West	roshamuul west	RP	565	13800617	789019	135	Solo
35921	Marapur turtles -2	marapur turtles -2	RP	599	5390117	1108727	59	Solo
35943	Diremaw (Warzone 6 Task)	diremaw	RP	438	3666294	1240931	33	Solo
35937	Werelion -1	werelion -1	EK	447	5331374	1101073	60	Solo
35926	Vamporc castle	vamporc castle	EK	1238	17699798	1728872	60	Solo
35929	Diremaw (Warzone 6 Task)	diremaw	RP	438	3901152	1006877	60	Solo
35933	Gnomprona 3 Left /4	gnomprona 3 left /4	EK	1347	17019288	4347905	195	
35909	Grim Reaper Yalahar	grim reaper yalahar	EK	299	4887725	0	31	Solo
35893	Werelions -2	werelions -2	RP	489	4129410	541105	60	Solo
35912	Iks Espinhos	iks espinhos	MS	623	10352329	1680649	180	Solo
35903	Ice Library X4	ice library x4	ED	732	12163485	3135633	106	
35886	Ingol -3	ingol -3	RP	1058	21896385	4091104	146	
35900	caminho ferumbras	caminho ferumbras	EK	1129	8826955	2006212	72	Solo
35899	Grim Reaper Yalahar	grim reaper yalahar	EK	297	5950687	92951	88	Solo
35874	Roshamuul West	roshamuul west	RP	563	14606798	773339	125	Solo
35854	Gnomprona 3 Left /3	gnomprona 3 left /3	EK	1346	0	4325285	197	
35846	Gnomprona 3 Left /3	gnomprona 3 left /3	EK	1346	16546953	4325285	197	
35841	Monk Solo - Lavas	monk solo - lavas	EM	136	2804301	0	73	Solo
35834	Werecroc -1	werecroc -1	RP	437	5749576	538332	30	Solo
35825	WOTE	wote	EK	399	2582970	677368	51	Solo
35827	Inferniarchs x 4	inferniarchs x 4	RP	500	7316727	1544492	53	
35814	Stonerefiner - ED lvl 27	stonerefiner - ed lvl 27	ED	27	175494	5949	33	Solo
35823	Inferniarchs x 4	inferniarchs x 4	RP	500	9653801	1805293	87	
35818	Ice Library X4	ice library x4	RP	624	11012529	2937609	116	Solo
35800	Ingol -3	ingol -3	RP	1057	21666480	4369502	176	
35812	Grim Reaper Yalahar	grim reaper yalahar	EK	295	4423003	20531	138	Solo
35809	Cobra Bastion	cobra bastion	EM	428	8593696	1364892	50	Team
35803	Cobra Bastion	cobra bastion	EM	428	8640120	1321327	57	Team
35774	Oramond Mino raid	oramond mino raid	RP	437	5855590	1001220	11	Solo
35772	Cobra Bastion	cobra bastion	EM	426	8738102	1261442	74	Team
35756	Summer Court	summer court	EK	460	10066938	994998	60	Solo
35766	Oramond Mino raid	oramond mino raid	RP	437	6027497	2853094	7	Solo
35769	alminhas de PH	alminhas de ph	MS	484	7232439	777363	133	Solo
35762	Bashmu	bashmu	EK	752	4636950	2219575	112	Team
35761	Werecroc -1	werecroc -1	RP	437	4429116	374210	30	Solo
35751	Warzone 5	warzone 5	MS	622	5784351	675878	60	Solo
35737	Asura Mirror	asura mirror	RP	488	4801086	216573	60	Solo
35749	WOTE	wote	EK	399	2708706	386765	38	Solo
35746	WOTE	wote	EK	399	2682003	261281	37	Solo
35742	Ice Library X4	ice library x4	RP	622	12405999	3418511	113	
35724	Ingol -3	ingol -3	RP	1056	22679582	4455191	134	
35741	Ice Library x 4	ice library x 4	RP	914	7787277	2466430	120	
35733	Roshamuul West	roshamuul west	RP	563	6940075	397069	49	Solo
35728	Grim Reaper Yalahar	grim reaper yalahar	EK	293	4358950	24042	111	Solo
35715	Warzone 5	warzone 5	MS	622	5648106	779660	60	Solo
35720	Dragolisk	dragolisk	EK	667	6044093	1888174	74	
35712	Oramond wildlife raid	oramond wildlife raid	RP	436	6071697	1720032	20	Solo
35708	Vamporc (west)	vamporc	EK	1077	10788704	1498070	90	Solo
35695	Gnomprona 3 Left /2	gnomprona 3 left /2	EK	1346	17043524	4396717	205	
35676	Chapter IV	chapter iv	EK	440	6200982	1016861	60	Solo
35658	Ingol -3	ingol -3	RP	1055	14019222	3619145	68	
35671	Grim Reaper Yalahar	grim reaper yalahar	EK	291	3523320	68781	116	Solo
35668	Chapter IV	chapter iv	EK	440	6009429	954011	60	Solo
35655	Prison	prison	EK	391	1860538	737996	217	
35660	iks	iks	ED	567	10684002	1282350	61	Solo
35651	WOTE	wote	EK	398	2915380	350984	44	Solo
35657	Grim Reaper Yalahar	grim reaper yalahar	EK	289	4463454	87577	133	Solo
35648	Werecroc -1	werecroc -1	RP	436	4568016	648513	20	Solo
35646	Chapter III	chapter iii	EK	439	5190833	756070	60	Solo
35645	Goanna West Duo Mage	goanna west duo mage	MS	781	7548618	880040	52	Team
35619	Ingol -3	ingol -3	RP	1054	23078343	4894397	66	
35618	Ingol -3	ingol -3	RP	1054	15363089	4104790	66	
35853	Gnomprona 3 Left	gnomprona 3 left	EK	1346	0	4419277	194	
35685	Gnomprona 3 Left	gnomprona 3 left	EK	1345	16977410	4419277	194	Solo
35631	Vamporc (west)	vamporc	EK	1077	14266125	1413370	187	Solo
35625	Werecroc -1	werecroc -1	RP	436	6823916	495260	30	Solo
35628	Roshamuul West	roshamuul west	RP	559	14043509	832744	131	Solo
35605	Norcferatu Castle EK SOLO	norcferatu castle ek solo	EK	835	8670398	859540	47	Solo
35615	WOTE	wote	EK	398	2437538	678589	34	Solo
35623	Norcferatu Castle Duo 02	norcferatu castle duo 02	EK	786	16679622	1803632	70	Team
35610	WOTE	wote	EK	398	2835806	298310	29	Solo
35612	Grim Reaper Yalahar	grim reaper yalahar	EK	286	4819411	178672	152	Solo
35593	Ingol -3	ingol -3	RP	1053	24476273	4348128	135	
35589	Vamporc (west)	vamporc	EK	1076	11832509	1301688	61	Solo
35575	Werehyaenna	werehyaenna	RP	297	3480030	135286	80	Solo
35573	Werehyaenna	werehyaenna	RP	297	3624119	215172	77	Solo
35555	Marapur turtles -2	marapur turtles -2	RP	599	4408008	1123607	63	Solo
35561	WOTE	wote	EK	398	3669654	608264	45	Solo
35558	Roshamuul West	roshamuul west	RP	557	13820529	835877	131	Solo
35541	Bulltaur -2	bulltaur -2	EK	783	8167839	2427374	60	Team
35536	Ingol Solo	ingol solo	MS	1078	11925597	2585954	70	Solo
35545	Norcferatu Castle Duo 01	norcferatu castle duo 01	EK	785	13876371	1670475	77	Team
35530	Ice Library X4	ice library x4	RP	621	0	3023168	126	Solo
35527	Vamporc (west)	vamporc	EK	1076	16062539	1057460	81	Solo
35513	Ingol -3	ingol -3	RP	1052	25395581	4848792	130	
35508	Asura mirror	asura mirror	EM	310	6455297	294307	63	Solo
35521	Cobra Bastion	cobra bastion	EM	423	8738834	1086009	62	Team
35518	Vamporc (west)	vamporc	EK	1076	14456206	1745179	62	Solo
35487	Marapur turtles -2	marapur turtles -2	RP	598	5303312	991676	79	Solo
35495	Cobra Bastion	cobra bastion	EM	423	8180242	1189692	53	Team
35464	Ice Library X4	ice library x4	RP	620	0	2631309	118	
35459	Cobra Bastion	cobra bastion	EM	421	8258833	953279	48	Team
35456	Cobra Bastion	cobra bastion	EM	421	7822387	939745	67	Team
35439	Oramond Mino raid	oramond mino raid	RP	435	5852504	1391744	15	Solo
35427	Oramond wildlife raid	oramond wildlife raid	RP	435	5957830	1389615	24	Solo
35421	Ingol Solo	ingol solo	MS	1078	7444719	2781316	68	Solo
35410	Deathlings	deathlings	EM	419	6268111	1118468	36	Team
35394	Ingol -3	ingol -3	RP	1050	22058169	4009963	138	
35395	Marapur turtles -2	marapur turtles -2	RP	598	3867713	1129372	86	Solo
35373	Marapur turtles -2	marapur turtles -2	RP	598	3793680	1270121	68	Solo
35371	Deathlings	deathlings	EM	417	5960242	823705	61	Team
35362	Ice Library X4	ice library x4	RP	620	10474784	2992628	119	Solo
35347	Marapur turtles -2	marapur turtles -2	RP	597	3707988	1263395	48	Solo
35317	Ingol -3	ingol -3	RP	1049	13460096	3220299	113	
35327	Cobra Bastion	cobra bastion	EM	416	8075021	1050859	61	Team
35318	Marapur turtles -2	marapur turtles -2	RP	597	3753214	1115746	90	Solo
35299	The Book World (Chapter IV)	the book world	RP	487	3407004	402349	60	Solo
35306	Ice Library X4	ice library x4	ED	725	12296414	2538344	130	
35300	Marapur Nagas	marapur nagas	EM	413	7601753	770902	78	Team
35290	Marapur turtles -2	marapur turtles -2	RP	597	3771796	1252250	112	Solo
35274	Marapur turtles -2	marapur turtles -2	RP	597	3795450	1422945	32	Solo
35283	Marapur Nagas	marapur nagas	EM	411	7570907	940940	65	Team
35264	Issavi Catas	issavi catas	EK	563	11787430	0	30	Solo
35268	GT Alternativo	gt alternativo	EK	601	4847076	1127444	60	Solo
35261	Diremaw (Warzone 6 Task)	diremaw	RP	434	3950661	877448	60	Solo
35235	Ingol -3	ingol -3	RP	1047	22705224	3652375	69	
35232	Diremaw (Warzone 6 Task)	diremaw	RP	434	3949934	1028850	42	Solo
35216	Ingol -3	ingol -3	RP	1046	19708033	3397087	101	
35215	Werecroc -1	werecroc -1	RP	434	4823966	420742	27	Solo
35214	Werecroc -1	werecroc -1	RP	433	7229576	278394	30	Solo
35200	Ingol -3	ingol -3	RP	1045	22671062	4043405	134	
35198	True asuras -2	true asuras -2	EK	661	6836183	2629334	74	Solo
35176	Marapur turtles -2	marapur turtles -2	RP	596	3855816	1115303	72	Solo
35174	Crystal Enigma - HZ 10	crystal enigma - hz 10	EK	1157	24725551	4569425	147	
35171	Turtles maur -2	turtles maur -2	RP	433	3235328	1097399	44	Solo
35170	Turtles maur -2	turtles maur -2	RP	433	3181163	1035383	44	Solo
35166	Asura Mirror	asura mirror	EK	422	7799747	937977	60	Solo
35148	Ingol -3	ingol -3	RP	1044	20926344	4082703	141	
35159	Ice Library X4	ice library x4	RP	616	9737724	2993592	107	
35143	Marapur turtles -2	marapur turtles -2	RP	596	4023335	1155200	83	Solo
35150	x4 ice new	x4 ice new	RP	635	7979980	1900257	62	
35115	Marapur turtles	marapur turtles	RP	596	4016702	1170791	61	Solo
35121	Oramond wildlife raid	oramond wildlife raid	RP	432	5965020	906658	25	Solo
35113	Crystal Enigma - HZ 10	crystal enigma - hz 10	EK	1156	23460962	4212999	152	
35087	The Book World (Chapter III)	the book world	RP	484	3392511	480694	60	Solo
35099	Ice Library X4	ice library x4	RP	616	11245164	2630775	104	
35097	Marapur Nagas	marapur nagas	EM	406	7903021	833688	61	Team
35085	Ingol -3	ingol -3	RP	1043	20998870	3947613	140	
35060	Marapur turtles	marapur turtles	RP	595	5590102	990536	61	Solo
35067	Warzone 5	warzone 5	EK	420	6113080	635697	60	Solo
35065	Werecroc -1	werecroc -1	RP	432	4456510	447585	28	Solo
35048	Warzone 5	warzone 5	EK	419	6131254	659845	60	Solo
35047	Ice Library X4	ice library x4	RP	615	9914368	2560057	131	
35034	Ingol -3	ingol -3	RP	1042	20069921	3512106	142	
35032	Marapur turtles -1	marapur turtles -1	RP	595	3871658	896038	104	Solo
35040	Marapur Nagas	marapur nagas	EM	401	7606846	828468	49	Team
35037	Marapur Nagas	marapur nagas	EM	401	7637818	794685	62	Team
34988	WZ 7 bestiary	wz 7 bestiary	RP	1042	5244435	1866513	59	Solo
34995	Oramond wildlife raid	oramond wildlife raid	RP	432	6698303	628390	18	Solo
34983	Ice Library X4	ice library x4	RP	613	0	3054949	100	
34915	Nightmare Isle	nightmare isle	EM	399	4553046	1397800	61	Team
34911	Buried Cathedral -1	buried cathedral -1	EM	399	7441656	1091014	60	Team
34902	Warzone 5	warzone 5	EK	415	5813094	625845	60	Solo
34893	Gazer Spectres	gazer spectres	RP	432	3221100	323766	28	Solo
34883	The Book World (Chapter II)	the book world	RP	483	3188916	240404	60	Solo
34888	GT SVAR	gt svar	EK	470	4202359	951097	82	Solo
34876	WZ 7 bestiary	wz 7 bestiary	RP	1042	5282224	1905476	58	Solo
34873	Ice Library X4	ice library x4	RP	612	11250151	3155058	104	
34871	Marapur Nagas	marapur nagas	EM	396	7461630	847633	67	Team
34864	WZ 7 bestiary	wz 7 bestiary	RP	1042	6533499	2041290	58	Solo
34847	Salt caves	salt caves	EK	657	3684413	1800443	114	Team
34836	Turtles maur -2	turtles maur -2	RP	432	3160626	674297	29	Solo
34835	Oramond wildlife raid	oramond wildlife raid	RP	431	6159084	571373	25	Solo
34831	Warzone 5	warzone 5	EK	413	5442576	514545	60	Solo
34799	Marapur turtles	marapur turtles	RP	595	3979880	1163290	50	Solo
34810	Barbarians	barbarians	RP	300	210118	59641	60	Solo
34802	Oramond wildlife raid	oramond wildlife raid	RP	431	8364394	1270744	28	Solo
34781	Werecroc -1	werecroc -1	RP	431	4390324	400696	15	Solo
34780	Oramond wildlife raid	oramond wildlife raid	RP	431	5609209	1524333	11	Solo
34759	Diremaw (Warzone 6 Task)	diremaw	RP	430	3869083	667611	32	Solo
34729	Marapur turtles -1	marapur turtles -1	RP	595	4656022	990727	60	Solo
34742	iks occ (Mitmah Seers)	iks occ	RP	430	4770440	63092	15	Solo
34716	Oramond wildlife raid	oramond wildlife raid	RP	430	5795010	2953860	8	Solo
34715	Glooth Bandits (East)	glooth bandits	RP	430	3305494	507829	28	Solo
34703	Ice Library X4	ice library x4	RP	612	9575947	2843486	115	
34690	Marapur turtles	marapur turtles	RP	594	4023602	979733	82	Solo
34682	Burster Spectre #57	burster spectre #57	EK	545	12211293	0	77	Solo
34695	Seal of destruction	seal of destruction	EK	656	5465328	1166279	95	Team
34681	Oramond Mino raid	oramond mino raid	RP	430	4639945	4140785	12	Solo
34660	Marapur turtles	marapur turtles	RP	594	4915358	1174738	65	Solo
34671	Oramond wildlife raid	oramond wildlife raid	RP	430	6319625	1525004	22	Solo
34644	Flimsy clean ( no prey)	flimsy clean	RP	1041	12154189	1557795	60	Solo
34658	Werelion -1	werelion -1	EK	410	5075538	1036769	60	Solo
34775	Oramond Mountain Hideout -1/-2	oramond mountain hideout -1/-2	EK	798	7180187	1550856	60	Solo
34635	Ice Library X4	ice library x4	RP	611	8990195	2443809	112	
34631	Marapur Nagas	marapur nagas	EM	394	7309550	673448	61	Team
34618	WZ 7 bestiary	wz 7 bestiary	RP	1041	5088054	1964451	61	Solo
34593	Marapur turtles	marapur turtles	RP	594	3690652	1310569	55	Solo
34603	Oramond wildlife raid	oramond wildlife raid	RP	429	6785004	1160245	17	Solo
34584	Girtablilu / Boosted	girtablilu / boosted	RP	1041	10377640	3157822	59	Solo
34599	Crumbling Caverns	crumbling caverns	RP	429	3298462	587769	21	Solo
34580	Girtablilu / Boosted	girtablilu / boosted	RP	1041	9740364	3045666	59	Solo
34585	Werelion -1	werelion -1	EK	408	5074193	1011925	60	Solo
34571	Ice Library X4	ice library x4	RP	611	0	2711148	114	
34548	WZ 7 bestiary	wz 7 bestiary	RP	1041	4966080	1821959	60	Solo
34568	Buried Cathedral -3	buried cathedral -3	EM	394	9682033	939031	61	Team
34574	naga -1	naga -1	EK	737	6505137	218916	141	Solo
34530	GT hunt	gt hunt	RP	1041	7434717	1874090	60	Solo
34508	Flimsy clean ( no prey) + boost	flimsy clean + boost	RP	1040	18098534	1259636	60	Solo
34519	Diremaw Inside WZ6	diremaw inside wz6	EK	405	4229705	646282	60	Solo
34521	Jaded Roots	jaded roots	ED	1542	47453775	13829396	192	Solo
34501	Ice Library X4	ice library x4	RP	609	15656867	3257658	108	
34477	Marapur turtles	marapur turtles	RP	593	4159950	1256022	113	Solo
34492	Nightmare Isle	nightmare isle	EM	391	6331595	1720843	29	Team
34464	Nightmare Isle	nightmare isle	EM	391	6264350	1592450	50	Team
34440	Flimsy clean ( no prey)	flimsy clean	RP	1040	12160654	1378391	60	Solo
34436	Ice Library X4	ice library x4	RP	609	14597432	3176479	117	
34433	Prision -3	prision -3	EM	389	0	1377285	60	Team
34434	Ruins of Nuur/ Girtablilu	ruins of nuur/ girtablilu	EK	653	6251739	2737775	72	Team
34419	Flimsy	flimsy	RP	1040	12598537	1270310	60	Solo
34426	Barkless	barkless	RP	292	2444477	0	67	Solo
34410	Burster Spectre #56	burster spectre #56	EK	544	13738646	434797	64	Solo
34406	Flimsy XP prey + boost	flimsy xp prey + boost	RP	1039	20536198	1272332	59	Solo
34408	Crumbling Caverns	crumbling caverns	RP	428	3341074	376798	31	Solo
34379	Flimsy clean ( no prey)	flimsy clean	RP	1039	12885526	1397036	60	Solo
34388	Oramond wildlife raid	oramond wildlife raid	RP	428	6898544	701564	15	Solo
34387	Diremaw (Warzone 6 Task)	diremaw	RP	428	4531982	728418	30	Solo
34348	Flimsy clean ( no prey) + boost	flimsy clean + boost	RP	1039	18767712	1443829	60	Solo
34346	Burster Spectre #55	burster spectre #55	EK	539	20641970	507344	114	Solo
34378	Falcon Castle	falcon castle	ED	454	4495430	1370901	75	Team
34350	Diremaw (Warzone 6 Task)	diremaw	RP	428	5060336	645728	32	Solo
34352	Cobras	cobras	EK	652	10517143	1371736	104	Team
34335	Falcon Eagle	falcon eagle	RP	1038	10146991	1686897	59	Solo
34338	Diremaw (Warzone 6 Task)	diremaw	RP	427	6724658	685783	31	Solo
34337	Turtles maur -2	turtles maur -2	RP	427	2994414	638086	30	Solo
34312	Flimsy +30 min free boost	flimsy +30 min free boost	RP	1038	14836995	1309268	60	Solo
34308	Burster Spectre #54	burster spectre #54	EK	536	20869916	493436	120	Solo
34314	Oramond wildlife raid	oramond wildlife raid	RP	427	5643022	504578	19	Solo
34304	book 3 - zero supply	book 3 - zero supply	EM	351	4304642	756023	63	Solo
34298	book 3	book 3	EM	351	3206711	629682	26	Solo
34303	Turtles maur	turtles maur	RP	427	2865972	564542	30	Solo
34281	Marapur turtles	marapur turtles	RP	593	3795680	1107919	63	Solo
34294	Edron Vampires	edron vampires	ED	645	911798	421366	82	Solo
34283	Weretigers -1	weretigers -1	RP	426	4156032	207884	30	Solo
34269	Falcon Eagle	falcon eagle	RP	1038	10401159	1533033	60	Solo
34275	Oramond wildlife raid	oramond wildlife raid	RP	426	6019462	2627511	19	Solo
34270	Asura Mirror	asura mirror	EK	396	7132157	861769	60	Solo
34268	Asura Mirror	asura mirror	EK	396	7044939	837017	60	Solo
34240	Flimsy clean ( no prey) + boost	flimsy clean + boost	RP	1038	19796276	1474766	60	Solo
34255	Ice Library X4	ice library x4	RP	607	0	3081060	119	
34236	Burster Spectre #53	burster spectre #53	EK	534	9766024	405706	97	Solo
34233	Azzilon Castle +1 Test	azzilon castle +1 test	EK	534	6854824	261411	26	Solo
34246	Cobras	cobras	EK	651	12678531	1384839	95	Team
34234	candy	candy	EM	349	3863320	435106	64	Solo
34220	Marapur turtles	marapur turtles	RP	593	3994109	1055248	60	Solo
34207	Weretigers -1	weretigers -1	RP	426	4065852	336258	30	Solo
34189	Flimsy (Boost + boosted Flimsy )	flimsy	RP	1037	26870053	3020606	60	Solo
34191	Roshamuul West	roshamuul west	RP	592	7753323	1095738	46	Solo
34193	wherecrocodile cave	wherecrocodile cave	EK	736	3412398	344808	101	Solo
34165	Catacombs east	catacombs east	RP	593	5744718	295221	62	Solo
34137	Flimsy + loot prey	flimsy + loot prey	RP	1037	12083052	1831692	59	Solo
34140	Marapur turtles	marapur turtles	RP	593	2746459	953754	120	Solo
34128	Weretigers -1	weretigers -1	RP	425	3901790	240886	13	Solo
34112	Weretigers -1	weretigers -1	RP	425	4374649	213658	28	Solo
34036	gt	gt	RP	1035	7257870	1780186	60	Solo
34033	cruzader	cruzader	RP	509	3547011	183638	51	Solo
34030	Occupied sanctuary - Iks/ Mitmah	occupied sanctuary - iks/ mitmah	EK	650	4368035	2211354	59	
34016	goroma medusa & serpent spawn	goroma medusa & serpent spawn	RP	183	630920	11851	83	Solo
34005	Book World Ch 3	book world ch 3	RP	425	4591594	362796	30	Solo
34001	Crypt warrior	crypt warrior	EK	649	5021180	1519972	68	
34000	Chocolate Mines	chocolate mines	RP	424	5216324	419568	15	Solo
33999	Brain ground -3	brain ground -3	EK	649	5106234	907638	43	
33989	Werelions -1	werelions -1	RP	424	4725780	478640	15	Solo
33988	Werelions -2 East	werelions -2 east	RP	424	3790930	381992	17	Solo
33968	Asura Mirror	asura mirror	RP	423	9133554	229782	30	Solo
33966	Asura Mirror	asura mirror	RP	423	5309100	58396	11	Solo
33967	ELF DE GELO RAPID RESP	elf de gelo rapid resp	EK	169	5520398	253744	92	
33964	Brain ground -3	brain ground -3	EK	649	4743415	944124	52	
33955	Book World Ch 4	book world ch 4	RP	423	4500495	329880	20	Solo
33947	Cobras	cobras	EK	648	11704567	1759956	38	Team
33946	rosh rapid	rosh rapid	RP	423	4957368	380652	15	Solo
33945	Dessert Dungeons - Rapid Respawn	dessert dungeons - rapid respawn	MS	809	3658116	946474	73	Solo
33935	Crumbling Caverns	crumbling caverns	RP	423	3464294	627414	29	Solo
33931	Crumbling Caverns	crumbling caverns	RP	423	3356848	566476	23	Solo
33927	Crambling Caverns	crambling caverns	MS	809	3963681	655076	33	Solo
33926	putrid mummy (dayli boosted)	putrid mummy	ED	229	748974	411973	50	Solo
33892	Falcon Eagle	falcon eagle	RP	1035	9618864	1698271	60	Solo
33885	GT hunt	gt hunt	RP	1035	7388325	2116240	60	Solo
33868	Marapur Nagas	marapur nagas	EM	377	6915973	581298	65	Team
33851	Burster Spectre #52	burster spectre #52	EK	531	13713261	475632	68	Solo
33858	wherecrocodile cave	wherecrocodile cave	EK	735	3913734	576579	79	Solo
33838	Oramond wildlife raid	oramond wildlife raid	RP	422	6425989	498102	17	Solo
33836	Book World - Chapter I	book world - chapter i	MS	808	3091531	924297	42	Solo
33811	Cobras	cobras	EK	646	12465654	1319352	72	Team
33810	chapter IV	chapter iv	EK	735	6793040	1018585	66	Solo
33808	Cobras	cobras	EK	645	12759476	1358245	77	Team
33798	Oramond wildlife raid	oramond wildlife raid	RP	421	5112980	1588320	27	Solo
33781	Flimsy clean ( no prey)	flimsy clean	RP	1034	12188785	1343282	60	Solo
33775	Flimsy clean ( no prey) + boost	flimsy clean + boost	RP	1034	18100614	1260706	60	Solo
33791	Boosted - Book World IV	boosted - book world iv	MS	809	7829624	1827398	66	Solo
33772	Crumbling Caverns	crumbling caverns	MS	809	3450617	557908	41	Solo
33760	Ice Library	ice library	MS	640	10133094	2602012	46	
33736	Buried Cathedral -8	buried cathedral -8	EK	323	4772597	683488	74	
33749	Roshamuul West	roshamuul west	RP	589	6856751	891336	43	Solo
33726	Diremaw (Warzone 6 Task)	diremaw	RP	421	3798183	784995	32	Solo
33705	Falcon Eagle	falcon eagle	RP	1034	14783132	1772407	60	Solo
33722	Nightmare Isle	nightmare isle	EM	370	7639058	1469726	65	Team
33717	Cobras	cobras	EK	645	11707830	1385983	73	Team
33713	Diremaw (Warzone 6 Task)	diremaw	RP	420	3804010	968464	41	Solo
33714	Oramond Mountain Hideout -1/-2	oramond mountain hideout -1/-2	EK	793	7280842	1315969	61	Solo
33701	Azzilon Castle	azzilon castle	EK	749	16634640	2162779	68	Solo
33694	Nightmare Isle	nightmare isle	EM	368	6713020	1400061	72	Team
33662	Nightmare Isle	nightmare isle	EM	368	7004973	1338565	61	Team
33660	Minos Oramond Montanha	minos oramond montanha	EK	393	2712862	497414	67	Solo
33657	Wildlife Raid Oramond	wildlife raid oramond	RP	383	9834202	1237151	21	Solo
33640	Burster Spectre #51	burster spectre #51	EK	529	14332159	415462	60	Solo
33637	Burster Spectre #50	burster spectre #50	EK	529	14257039	489602	28	Solo
33641	Cobras	cobras	EK	644	10545160	1277220	77	Team
33636	Werelion -1	werelion -1	EK	372	4846437	858083	45	Solo
33629	Warzone 4 - MS 364	warzone 4 - ms 364	MS	364	4348636	750608	55	Solo
33621	GT hunt	gt hunt	RP	1034	7560111	1709432	60	Solo
33623	Azzilon Castle	azzilon castle	EK	748	19488885	2986354	61	
33624	Deeper Banuta -8	deeper banuta -8	EM	218	2564726	91545	73	Solo
33606	Flimsy clean ( no prey) + boost	flimsy clean + boost	RP	1033	18217159	1414633	60	Solo
33617	Werelion -1	werelion -1	EK	372	4796520	785736	60	Solo
33607	Diremaw (Warzone 6 Task)	diremaw	RP	419	4506650	683258	60	Solo
33599	Cobras	cobras	EK	644	11779816	1358666	84	Team
33572	Book World - Chapter IV	book world - chapter iv	MS	808	5479620	753495	33	Solo
33575	Buried Cathedral -3	buried cathedral -3	EM	363	6197995	908157	65	Team
33556	Falcon Eagle	falcon eagle	RP	1033	10118781	1663091	60	Solo
33566	Diremaw (Warzone 6 Task)	diremaw	RP	419	3776467	544450	31	Solo
33553	Falcon Eagle	falcon eagle	RP	1033	14716139	1657367	60	Solo
33527	Book World Chapter II	book world chapter ii	RP	554	1733858	339692	65	Solo
33524	Burster Spectre #49	burster spectre #49	EK	528	13124016	313433	68	Solo
33548	crusaders	crusaders	EK	734	4238829	873161	63	Solo
33520	Book World - Chapter IV	book world - chapter iv	MS	808	3559889	816630	61	Solo
33529	Halls of blood	halls of blood	EK	734	4311852	820145	77	Solo
33506	Flimsy clean ( no prey) + 30min boost	flimsy clean + 30min boost	RP	1033	15157321	1225107	60	Solo
33512	Abandoned Sewers	abandoned sewers	RP	418	4665224	180338	27	Solo
33509	Werelion -2	werelion -2	EK	369	4280318	752989	59	Solo
33507	Library Fire	library fire	RP	1011	14831833	3588766	138	
33494	Diremaw (Warzone 6 Task)	diremaw	RP	418	3858427	492930	32	Solo
33491	Oramond wildlife raid	oramond wildlife raid	RP	418	6379716	2989570	18	Solo
33481	Wildlife Raid Oramond	wildlife raid oramond	RP	382	6729918	851375	19	Solo
34263	Ice Library X4	ice library x4	RP	608	0	2592132	116	
33477	Wildlife Raid Oramond	wildlife raid oramond	RP	382	6741369	1999519	19	Solo
33465	candy land	candy land	EM	347	4100636	901119	61	Solo
33463	halls of blood	halls of blood	EK	734	5112782	978517	64	Solo
33445	2. Hydra Medusa Serpent Spawn Deep Banuta	2. hydra medusa serpent spawn deep banuta	EM	182	1710160	86384	42	Solo
33453	Wildlife Raid Oramond	wildlife raid oramond	RP	382	6475083	875502	20	Solo
33450	Diremaw (Warzone 6 Task)	diremaw	RP	417	3823188	531708	26	Solo
33449	Wildlife Raid Oramond	wildlife raid oramond	RP	382	7049360	999123	18	Solo
33448	Oramond wildlife raid	oramond wildlife raid	RP	417	5600151	1050046	21	Solo
33426	Rosha upper 5 lvl proff	rosha upper 5 lvl proff	RP	939	12671228	2300297	35	Solo
33441	Ruins of Nuur/ Girtablilu	ruins of nuur/ girtablilu	EK	643	6221603	2260547	101	Team
33430	Diremaw (Warzone 6 Task)	diremaw	RP	417	3875246	667154	30	Solo
33425	grimvale	grimvale	RP	182	476930	116940	39	Solo
33424	lizard chosen & ghastly dragon	lizard chosen & ghastly dragon	RP	182	437705	97944	54	Solo
34262	Ice Library X4	ice library x4	RP	608	0	2484773	117	
33400	Oramond wildlife raid	oramond wildlife raid	RP	417	6287845	1235560	12	Solo
33384	Brain Ground -> Netherworld	brain ground -> netherworld	MS	807	7450676	802920	36	Solo
33374	Hunt livro andar IV	hunt livro andar iv	EK	1226	6029975	1140724	61	Solo
33372	Bloody Tusks	bloody tusks	MS	807	6568462	510005	47	Solo
33371	Buried Cathedral -3	buried cathedral -3	EM	357	6245400	889801	64	Team
33370	Azzilon basement +1	azzilon basement +1	EK	642	9162093	1080209	118	Team
33368	Diremaw (Warzone 6 Task)	diremaw	RP	416	3827397	853444	60	Solo
33346	Burster Spectre #48	burster spectre #48	EK	528	6894753	478187	32	Solo
34261	Ice Library X4	ice library x4	RP	608	0	2413313	151	
33349	Cobra Bastion Castle	cobra bastion castle	MS	640	8413522	1284038	50	Team
33345	WEREHYENA -2 NORTE 22/07	werehyena -2 norte 22/07	ED	218	1760528	195313	56	Solo
33341	candy	candy	EM	343	4023270	652354	60	Solo
33325	Fire Library	fire library	ED	828	21413705	3977537	129	
33322	GT hunt	gt hunt	RP	1032	7475673	1738829	60	Solo
33299	GT hunt	gt hunt	RP	1032	11160530	1981216	60	Solo
33330	Diremaw (Warzone 6 Task)	diremaw	RP	416	3900391	492860	40	Solo
33288	Energol 2h	energol 2h	ED	816	16879543	3516365	131	
33291	Chocolate Mines	chocolate mines	RP	415	6375932	353370	24	Solo
33285	Book World - Chapter III	book world - chapter iii	MS	807	5378150	915151	31	Solo
33283	Halls of blood	halls of blood	EK	734	2714925	831678	81	Solo
34260	Ice Library X4	ice library x4	RP	608	0	2387244	125	
33251	Wyrmlings Edron	wyrmlings edron	RP	552	1518171	372118	60	Solo
33258	ghastly + chosens	ghastly + chosens	RP	182	335596	65680	83	Solo
33233	GT hunt	gt hunt	RP	1032	7583918	1808880	59	Solo
33236	Diremaw (Warzone 6 Task)	diremaw	RP	415	3897810	743298	30	Solo
33228	Asura Palace	asura palace	RP	415	4884180	283168	15	Solo
33222	Medusa Tower	medusa tower	EK	362	4018034	439362	60	Solo
34259	Ice Library X4	ice library x4	RP	608	0	2687770	129	
33212	Buried Cathedral -3	buried cathedral -3	EM	350	6031725	694597	49	Team
33208	Buried Cathedral -3	buried cathedral -3	EM	350	5700147	666714	64	Team
33204	Diremaw (Warzone 6 Task)	diremaw	RP	414	3644431	521767	27	Solo
33185	Falcon Eagle + prey 10/10 lot Falcon Paladin	falcon eagle + prey 10/10 lot falcon paladin	RP	1031	10313799	2177960	60	Solo
33181	Flimsy clean ( no prey) + boost	flimsy clean + boost	RP	1031	17951687	1302688	60	Solo
33192	Ruins of Nuur/ Girtablilu	ruins of nuur/ girtablilu	EK	642	5247061	2406893	76	Team
33193	ghastly dragon	ghastly dragon	RP	181	503443	30535	55	Solo
33182	Flimsy Venore	flimsy venore	MS	640	7595437	553898	32	Solo
33187	wherehyaenas	wherehyaenas	RP	181	413085	66697	21	Solo
33183	Oramond wildlife raid	oramond wildlife raid	RP	414	5614895	831226	22	Solo
33186	Ruins of Nuur/ Girtablilu	ruins of nuur/ girtablilu	EK	642	7444565	2583588	70	Team
33180	Turtles maur	turtles maur	RP	414	2748265	604858	24	Solo
33179	Turtles maur	turtles maur	RP	414	2784872	493848	26	Solo
33170	Werelion -1	werelion -1	EK	359	4693865	807923	60	Solo
33171	Minotaur Raid Oramond	minotaur raid oramond	RP	381	4352400	590565	20	Solo
33163	Wildlife Raid Oramond	wildlife raid oramond	RP	381	6804399	836883	20	Solo
33141	Burster Spectre #47	burster spectre #47	EK	527	9219507	430112	37	Solo
33155	Flimsy Venore -1	flimsy venore -1	MS	640	7529709	583053	20	Solo
33159	Wildlife Raid Oramond	wildlife raid oramond	RP	381	7038729	1160997	20	Solo
33153	Wildlife Raid Oramond	wildlife raid oramond	RP	380	10045302	887508	20	Solo
33144	Medusa Tower	medusa tower	EK	358	3959167	376722	40	Solo
33146	Oramond Dungeon	oramond dungeon	EK	733	4601128	411685	107	Solo
33125	Grim Reaper - Daram	grim reaper - daram	MS	640	4126265	83974	23	Solo
33129	Sphinx -2 Issavi	sphinx -2 issavi	EK	420	6418837	322701	84	Team
33127	Asura Palace	asura palace	RP	413	4648010	344128	19	Solo
33107	Falcon Eagle	falcon eagle	RP	1031	11809831	1812973	60	Solo
33113	Summer Court	summer court	RP	413	7966198	337545	31	Solo
33112	Summer Court	summer court	RP	412	6057706	54496	22	Solo
33109	Werelions -2	werelions -2	RP	412	3970623	565804	17	Solo
33103	bursters monk	bursters monk	EM	339	6037250	299812	50	Solo
33108	exotic cave -1	exotic cave -1	RP	180	519289	0	23	Solo
33111	Oramond Dungeon	oramond dungeon	EK	732	4346413	444648	101	Solo
33099	Buried Cathedral -3	buried cathedral -3	EM	342	5881148	889071	62	Team
33095	Flimsy Venore	flimsy venore	MS	639	5514589	349924	29	Solo
33080	Flimsy clean ( no prey)	flimsy clean	RP	1030	18058604	1361524	60	Solo
33092	Flimsy Venore	flimsy venore	MS	639	5869122	194094	31	Solo
33091	Buried Cathedral -1	buried cathedral -1	EM	342	5262811	1024823	63	Team
33065	Oramond Mino raid	oramond mino raid	RP	411	5324736	275324	15	Solo
33063	Oramond Furys	oramond furys	RP	411	4409722	319185	16	Solo
33062	Oramond Mino raid	oramond mino raid	RP	411	5595870	2127300	6	Solo
33060	Sphinx	sphinx	EK	417	6091306	260466	58	Team
33025	—	—	ED	862	22805051	1593387	60	Team
33054	ingol -3 3h	ingol -3 3h	ED	957	17053901	3612903	218	Solo
33051	Mirror	mirror	EM	414	7499382	1055106	60	Solo
33034	Sphinx	sphinx	EK	417	5787493	405417	40	Team
33038	Oramond wildlife raid	oramond wildlife raid	RP	411	6473797	1795605	16	Solo
33031	werehyaena avalanche hunt	werehyaena avalanche hunt	ED	234	534600	51304	40	Solo
33023	Buried Cathedral -1	buried cathedral -1	EM	342	5206334	838437	63	Team
32961	Dragons 2x	dragons 2x	ED	861	21642340	2326113	58	Team
33017	Mega Dragon +1	mega dragon +1	MS	639	9534065	1533044	55	
32955	Dragons 3x	dragons 3x	MS	712	21474470	2947192	64	
33008	Wildlife Raid Oramond	wildlife raid oramond	RP	380	6507747	501543	20	Solo
33006	Gnomprona BEHE G3 SUL	gnomprona behe g3 sul	EK	1002	0	4879437	119	
32990	Roshamul Sleep creatures (baleinhas)	roshamul sleep creatures	EM	411	6061207	1081860	46	Solo
32984	Warzone 4 - MS	warzone 4 - ms	MS	358	4797794	507309	34	Solo
32979	undead dragon -2	undead dragon -2	RP	1127	18055254	2061450	20	Solo
32976	Undead Dragon -2	undead dragon -2	RP	1127	16369131	1681551	20	Solo
32966	Asura Palace	asura palace	RP	410	5359512	336268	15	Solo
32960	Asura Palace	asura palace	RP	410	5694440	309928	15	Solo
32954	Wildlife Raid Oramond	wildlife raid oramond	RP	379	6814146	931961	19	Solo
32952	Wildlife Raid Oramond	wildlife raid oramond	RP	379	6341574	570486	20	Solo
32948	Minotaur Raid Oramond	minotaur raid oramond	RP	379	4961497	1148880	21	Solo
32944	Wildlife Raid Oramond	wildlife raid oramond	RP	378	6567558	883809	20	Solo
32941	Medusa Tower	medusa tower	EK	352	3934620	327805	50	Solo
32941	Medusa Tower	medusa tower	EK	352	3934620	327805	50	Solo
34257	Ice Library X4	ice library x4	RP	608	0	2224018	122	
32939	Inferniarch surface	inferniarch surface	MS	638	9106479	1302262	64	
32898	Asura Palace	asura palace	RP	410	5143181	211710	16	Solo
32924	Oramond Mountain Hideout -1/-2	oramond mountain hideout -1/-2	EK	787	6952614	1353475	61	Solo
32847	Draken Walls - South	draken walls - south	EK	352	3960355	584233	60	Solo
32923	Oramond Mountain Hideout -1/-2	oramond mountain hideout -1/-2	EK	787	7053438	1467342	60	Solo
32886	Nimmersatt's Dragons	nimmersatt's dragons	RP	1004	13096877	2275937	208	
32843	Oramond West Quara	oramond west quara	EM	205	1524917	0	71	Solo
32838	Minos de oramond	minos de oramond	ED	235	417666	32011	27	Solo
32834	Wildlife Raid Oramond	wildlife raid oramond	RP	378	6402005	988446	21	Solo
32833	Grim Reaper Yalahar	grim reaper yalahar	RP	377	5328455	81201	48	Solo
32829	Wildlife Raid Oramond	wildlife raid oramond	RP	377	6018938	1097223	22	Solo
32826	Roshamuul west	roshamuul west	RP	818	11426617	1089919	61	Solo
32818	Winter court	winter court	MS	367	4237287	383322	65	Team
32806	werehyenas rp 30min	werehyenas rp 30min	RP	279	3792600	366907	33	Solo
32922	Oramond Mountain Hideout -1/-2	oramond mountain hideout -1/-2	EK	787	7083852	1337633	60	Solo
32801	Bulltaur -2 #1	bulltaur -2 #1	ED	786	9043691	2971021	61	Team
32787	Bulltaur Lair -2	bulltaur lair -2	EK	1328	19601187	2414719	61	Solo
32789	Azzilon Castle -1 x4	azzilon castle -1 x4	EM	529	0	1380370	96	Solo
32765	rosha mines - monk	rosha mines - monk	EM	338	6268964	296307	66	Solo
32687	roshamuul con familiar	roshamuul con familiar	ED	234	339381	6815	22	Solo
32677	Chocolate Mines	chocolate mines	RP	408	7936521	366189	20	Solo
32673	Wildlife Raid Oramond	wildlife raid oramond	RP	375	10116171	1471266	20	Solo
32672	rosha	rosha	ED	234	420717	231107	71	Team
32620	rosha mines - monk	rosha mines - monk	EM	332	5273147	378414	57	Solo
32613	mirror monk	mirror monk	EM	329	9724881	668267	56	Solo
32616	wherehyaenas	wherehyaenas	ED	236	462458	26391	33	Solo
32583	2h15 na summer cource	2h15 na summer cource	RP	696	9682745	729720	164	Solo
32585	mirror monk	mirror monk	EM	328	6624455	605858	54	Solo
32558	Ancient Ancestorial Grounds, Deathlings	ancient ancestorial grounds, deathlings	EK	782	7641358	882515	90	Solo
32557	Ancient Ancestorial Grounds, Deathlings	ancient ancestorial grounds, deathlings	EK	782	7462354	964495	90	Solo
32575	Jaded Roots	jaded roots	ED	1516	43482275	11150793	197	
32581	Ice x4	ice x4	MS	463	0	1521082	200	
32531	Summer court 2x exp boost	summer court 2x exp boost	RP	695	9533080	678272	148	Solo
32518	summer	summer	ED	469	7504545	969034	73	Team
32519	summer	summer	ED	469	5684326	969034	73	Team
32526	Azzilon Castle +1 | x3	azzilon castle +1 x3	ED	498	9401655	1374909	59	
32556	Ancient Ancestorial Grounds, Deathlings	ancient ancestorial grounds, deathlings	EK	782	7209057	985919	59	Solo
32555	Ancient Ancestorial Grounds, Deathlings	ancient ancestorial grounds, deathlings	EK	782	7595070	909805	63	Solo
32489	Seacrest Grounds 1	seacrest grounds 1	RP	478	3480700	407261	60	Solo
32499	sphinx & lamassu	sphinx & lamassu	ED	193	679411	0	46	Solo
32492	edron vampires	edron vampires	EK	203	428104	0	59	Solo
32476	Girtabilu	girtabilu	EK	768	4900231	2268682	140	Team
32487	Yielothax	yielothax	ED	193	411609	0	32	Solo
32482	werehyaena avalanche hunt	werehyaena avalanche hunt	ED	193	576000	24979	22	Solo
32455	Dragons 4x [Double xp]	dragons 4x [double xp]	ED	843	41243102	3056176	60	
32460	Wildlife Raid Oramond	wildlife raid oramond	RP	369	12481497	704262	20	Solo
32450	Oramond Mountain Hideout 1	oramond mountain hideout 1	RP	477	3807194	419982	60	Solo
32432	Grim reaper monk	grim reaper monk	EM	318	11154000	280376	15	Solo
32433	Grim reaper monk	grim reaper monk	EM	318	7765312	175806	32	Solo
32400	Dragons 2x [Double xp]	dragons 2x [double xp]	ED	841	38742926	2450433	55	Team
32397	Dragons 4x [Double xp]	dragons 4x [double xp]	ED	839	37906140	2620282	65	
32393	Dragons 4x [Double xp]	dragons 4x [double xp]	ED	839	39166577	2988996	59	
32411	Jaded Roots	jaded roots	ED	1515	89847413	11096326	181	
32354	Dragons 4x [Double xp]	dragons 4x [double xp]	ED	839	31619763	2477923	76	
32355	Dragons 4x [Double xp]	dragons 4x [double xp]	ED	839	25082595	2477923	76	
32373	Dt seal ferumbras andar superior	dt seal ferumbras andar superior	EK	1225	28020329	2753208	60	Solo
32360	Terrorsleep+Feversleep	terrorsleep+feversleep	RP	586	12602299	601153	49	Solo
32350	Ice libka z 1 boostem	ice libka z 1 boostem	ED	807	33510481	4092498	179	
32352	Oramond wildlife raid	oramond wildlife raid	RP	405	12813930	2486602	16	Solo
32291	Dragons 4x [Double xp - 4h hunt - 45m break in between]	dragons 4x [double xp - 4h hunt - 45m break in between]	ED	836	40181286	2477010	272	
32282	Ice libra z 1 deską na 450%	ice libra z 1 deską na 450%	ED	802	26255190	4313227	140	
32254	Dragons Duo [RP + ED]	dragons duo [rp + ed]	ED	830	29887003	2170839	51	Team
32256	Warzone 5	warzone 5	RP	464	9712875	706896	64	Solo
32209	Summer Courts	summer courts	EK	578	7746294	892115	164	Solo
32156	blood crabs meriana	blood crabs meriana	EK	205	130780	256897	58	Solo
32119	Burster Spectre #45	burster spectre #45	EK	514	16145691	424343	115	Solo
32124	Jaded Roots	jaded roots	ED	1507	56843154	10562831	192	
32098	dragao duo 45m	dragao duo 45m	ED	1396	23031701	3181532	45	Team
32087	sabretoth	sabretoth	EK	204	160010	77347	76	Solo
32061	venore amazon camp	venore amazon camp	EK	206	66434	87641	57	Solo
32028	Rosha west full utito	rosha west full utito	RP	920	20099298	1824290	23	Solo
32006	mirror	mirror	EM	276	7463572	332106	48	Solo
32008	mirror monk	mirror monk	EM	276	6864249	294557	140	Solo
31986	Burster Spectre #44	burster spectre #44	EK	513	13515074	351059	89	Solo
31998	Jaded Roots	jaded roots	ED	1502	60390704	11097259	196	
31936	Carrinho 2 - HZ 9	carrinho 2 - hz 9	EK	1108	29495975	3489814	141	
31917	Burster Spectre #43	burster spectre #43	EK	509	14584295	475909	181	Solo
31920	Yielothax con soft boots	yielothax con soft boots	MS	115	352780	0	46	Solo
31922	Jaded Roots	jaded roots	ED	1502	60052341	9740111	194	
31907	Murky Caverns -2	murky caverns -2	ED	476	8722650	834288	58	Solo
31888	Cobra bastion | x2	cobra bastion x2	ED	475	9227205	833748	64	Team
31874	Jaded Roots	jaded roots	ED	1498	58871394	11384448	192	
31866	Murky Caverns -1	murky caverns -1	ED	474	7578414	676042	60	Solo
31814	Cobras	cobras	EK	617	11714682	1338004	68	Team
31800	Kilmaresh Catacombs | x2	kilmaresh catacombs x2	ED	473	6194323	471783	61	Team
31801	mini rosha sooft boots	mini rosha sooft boots	EK	210	764978	101064	50	Solo
31796	Vampire crypt (Edron)	vampire crypt	RP	208	758357	28110	58	Solo
31790	mini rosha	mini rosha	EK	211	0	123127	65	Solo
31778	Jaded Roots	jaded roots	ED	1497	45687037	10178648	199	
31756	Kilmaresh Catacombs | x2	kilmaresh catacombs x2	ED	472	6634327	670912	60	Team
31740	Bulltaurs -2	bulltaurs -2	EK	617	4273001	1615947	53	Team
31729	Burster Spectre #42	burster spectre #42	EK	506	12954271	395686	102	Solo
31728	Burster Spectre #41	burster spectre #41	EK	505	13383653	555064	45	Solo
31733	Jaded Roots	jaded roots	ED	1494	49298784	10898438	186	
31703	Gnome Deep Hub (north tasking area)	gnome deep hub	ED	472	3817489	1076092	53	Solo
31680	Grim reaper monk	grim reaper monk	EM	269	4797157	95795	57	Solo
31664	GT ZAO	gt zao	RP	286	249070	150731	34	Solo
31609	Ancient Ancestorial Grounds | x2	ancient ancestorial grounds x2	ED	471	4738926	0	63	Solo
31602	yalahar pirates	yalahar pirates	EK	209	200603	93678	23	Solo
31581	Burster Spectre #40	burster spectre #40	EK	503	13287787	492983	61	Solo
31596	Jaded Roots	jaded roots	ED	1491	46049285	11703085	177	
31583	Gnome Deep Hub (Warzone 6)	gnome deep hub	ED	471	4391059	1051807	60	Solo
31512	Gnome Deep Hub (north tasking area)	gnome deep hub	ED	470	3898141	1059013	61	Solo
31504	Ice library | x4	ice library x4	ED	470	8902730	1960434	57	
31478	Burster Spectre #39	burster spectre #39	EK	501	10379036	501192	71	Solo
31458	Ice library | x4	ice library x4	ED	467	8991276	2347025	60	
31446	Weretigers v1	weretigers v1	EK	718	4050204	401674	94	Solo
31457	Ice library | x4	ice library x4	ED	467	8614014	2373210	61	
31452	Edron vampire lair	edron vampire lair	EK	207	999075	0	55	Solo
31436	Jaded Roots	jaded roots	ED	1493	43305939	11488298	199	
31418	Yielothax	yielothax	MS	118	940339	0	47	Solo
31408	Azzilon Basement +1	azzilon basement +1	EK	612	6516349	1616812	67	
31405	werehyaena	werehyaena	RP	179	347608	11862	27	Solo
31323	Ingol w trio na boostach	ingol w trio na boostach	EK	790	9744844	2853067	132	
31304	Gnome Deep Hub (north tasking area)	gnome deep hub	ED	466	3742750	1028672	58	Solo
31295	mirror monk	mirror monk	EM	257	5380754	233320	30	Solo
31285	Deep desert | x2	deep desert x2	ED	466	4709291	1258046	60	Team
31269	Jaded Roots	jaded roots	ED	1490	45209152	13002573	198	
31237	Carnivora's Rocks 2	carnivora's rocks 2	RP	471	2353831	369771	60	Solo
31203	Carnivora's Rocks 1	carnivora's rocks 1	RP	471	1669439	292408	60	Solo
31202	Kilmaresh Catacombs | x2	kilmaresh catacombs x2	ED	465	3909730	441381	66	Team
31174	Ingol -1 w trio	ingol -1 w trio	EK	790	7039243	2047225	93	
31169	Jaded Roots	jaded roots	ED	1487	42925578	11167285	195	
31133	Jaded Roots	jaded roots	ED	1484	39717493	11077610	221	
31128	Chocolate Mines	chocolate mines	RP	387	5139883	494098	26	Solo
31102	Chocolate Mines	chocolate mines	RP	387	4986766	442850	18	Solo
31090	Ice library | x4	ice library x4	ED	462	5977505	2052820	62	
31085	Ice library | x4	ice library x4	ED	462	7053307	1792434	130	
31057	Great Pearl Fan Reef	great pearl fan reef	ED	462	3950180	1430100	60	Solo
31048	Ice library | x4	ice library x4	ED	459	7846708	1775345	126	
31006	Energol z wizakiem	energol z wizakiem	ED	788	16215707	3487550	106	
30922	Energy libka z Wizakiem	energy libka z wizakiem	ED	787	17625131	3167184	134	
30929	Issavi continent	issavi continent	ED	458	6126283	924791	61	
30904	boquinha feyrist boostado pra bestiario - monk	boquinha feyrist boostado pra bestiario - monk	EM	245	1447938	616177	198	Solo
30900	Gnome Deep Hub (north tasking area)	gnome deep hub	ED	458	3796891	916740	63	Solo
30891	Ice library | x4	ice library x4	ED	456	6746150	1633094	133	
30877	Grim reaper - monk - 3,2kk/h raw exp	grim reaper - monk - 3,2kk/h raw exp	EM	240	2285387	0	177	Solo
30869	Jaded Roots	jaded roots	ED	1480	0	12253503	123	
30848	fire x4	fire x4	RP	1246	16102761	2546934	93	
30829	Burster Spectre #38	burster spectre #38	EK	498	10813990	577477	59	Solo
30822	Undead fury dungeon v1	undead fury dungeon v1	EK	715	3032790	386642	98	Solo
30821	Burster Spectre #37	burster spectre #37	EK	496	12572267	332934	119	Solo
30823	Ice library | x4	ice library x4	ED	455	5668794	1222885	121	
30754	Burster Spectre #36	burster spectre #36	EK	495	12961197	499430	60	Solo
30760	Jaded Roots	jaded roots	ED	1477	42611600	11673919	202	
30732	Rosha hunt west silencer atk granade t3	rosha hunt west silencer atk granade t3	RP	903	12460509	2079650	31	Solo
30729	Burster Spectre #35	burster spectre #35	EK	493	11662236	362436	135	Solo
30718	Ice library | x4	ice library x4	ED	454	8017467	1854544	61	
30699	Burster Spectre #34	burster spectre #34	EK	490	11366751	402477	152	Solo
30693	Gnome Deep Hub (north tasking area)	gnome deep hub	ED	453	3698078	1079765	59	Solo
30650	Burster Spectre #33	burster spectre #33	EK	488	11309145	448282	138	Solo
30645	Ice library | x4	ice library x4	ED	452	9262327	1844348	61	
30639	Nagas night 27.05.2025	nagas night 27.05.2025	EK	714	6851246	177502	192	Solo
30643	mirror	mirror	EM	340	7584598	302095	143	Solo
30633	Ice library | x4	ice library x4	ED	451	7350350	1716494	62	Solo
30631	ASURA PALACE X2 MONK EK	asura palace x2 monk ek	EK	217	3315139	361506	53	Team
30612	Burster Spectre #32	burster spectre #32	EK	486	11504836	325447	146	Solo
30615	Jaded Roots	jaded roots	ED	1477	43202657	10548864	196	
30609	Gnome Deep Hub (north tasking area)	gnome deep hub	ED	451	3377942	775618	63	Solo
30601	gazer x2 EK Monk	gazer x2 ek monk	EK	236	2177825	319875	107	Team
30597	Ice Library | x4	ice library x4	ED	450	6548448	1288041	81	
30590	Burster Spectre #31	burster spectre #31	EK	484	11477632	334302	104	Solo
30584	ASURA PALACE X2 MONK EK	asura palace x2 monk ek	EK	212	3659315	357133	104	Team
30580	Jaded Roots	jaded roots	ED	1476	47056212	13824706	161	
30575	Gnome Deep Hub (north tasking area)	gnome deep hub	ED	450	3824843	942445	59	Solo
30532	Issavi Green Belt	issavi green belt	ED	449	5986480	784102	50	
30527	Great Pearl Fan Reef	great pearl fan reef	ED	449	3520758	1124597	59	Solo
30509	BURSTER EK MONK	burster ek monk	EK	234	2264544	167246	118	Team
30514	Pumin Seal 02	pumin seal 02	EK	775	7323346	2060106	69	Team
30447	Jaded Roots	jaded roots	ED	1474	47602315	12900754	171	
30436	Great Pearl Fan Reef	great pearl fan reef	ED	449	3976922	1244989	58	Solo
30431	glooth tower	glooth tower	EM	210	3138351	326657	77	Solo
30406	GLOOTH TOWER - BOOSTADO MONK	glooth tower - boostado monk	EM	208	2278411	212133	121	Solo
30396	Jaded Roots	jaded roots	ED	1473	42495001	11535025	203	
30386	Carnivor's Rocks	carnivor's rocks	ED	449	3154843	911650	58	Solo
30384	ripper boostado x3 ek monk ed	ripper boostado x3 ek monk ed	EK	226	5476980	777470	89	
30367	Jaded Roots	jaded roots	ED	1472	40746288	11000578	197	
30352	Carnivor's Rocks	carnivor's rocks	ED	448	3157943	996332	59	Solo
30349	Plague (dead) + nagas fast regain	plague + nagas fast regain	EK	714	637684	410792	205	Solo
30341	Craziee + Speak 002	craziee + speak 002	RP	238	1936349	220113	49	Team
30330	Jaded Roots	jaded roots	ED	1471	46515599	13025558	187	
30313	Great Pearl Fan Reef	great pearl fan reef	ED	448	4343076	1140613	58	Solo
30296	Burster Spectre #30 Getting annoyed	burster spectre #30 getting annoyed	EK	482	13607397	293965	71	Solo
30301	Cobra bastion | Duo	cobra bastion duo	ED	447	5718283	871087	36	Team
30280	Leãozinho2	leãozinho2	EK	515	4772761	1011173	59	Solo
30264	Carnivor's Rocks	carnivor's rocks	ED	447	3086961	833235	61	Solo
30251	Burster Spectre #29	burster spectre #29	EK	480	13970379	338954	109	Solo
30241	The Extention Site Test	the extention site test	EK	480	6266800	594475	12	Solo
30233	Monk Hunt #17 Otherworld Kazordoon Test	monk hunt #17 otherworld kazordoon test	EK	480	2431566	0	27	Solo
30227	Burster Spectre #28	burster spectre #28	EK	479	11220428	351408	58	Solo
30238	ASURA PALACE X2 MONK EK	asura palace x2 monk ek	EK	197	1531895	120008	96	Team
30205	Burster Spectre #27	burster spectre #27	EK	476	14099702	344388	130	Solo
30203	Plague Seal -2 with RP (bolcu)	plague seal -2 with rp	RP	842	5459879	830503	87	Team
30202	Dt Seal evening 18.05.2025	dt seal evening 18.05.2025	EK	713	5282828	478991	208	Solo
30187	ASURA PALACE X2 MONK EK	asura palace x2 monk ek	EK	191	1814328	167958	60	Solo
30186	Falcon bastion | Duo	falcon bastion duo	ED	446	5681834	2058672	62	Team
30166	Nagas 17.05.2025	nagas 17.05.2025	EK	711	8089442	216705	100	Solo
30162	Sphinxes Part 2	sphinxes part 2	EK	711	8964180	194769	105	Solo
30160	glooth tower monk	glooth tower monk	EM	183	2224016	173468	38	Solo
30155	glooth tower monk 186	glooth tower monk 186	EM	183	2831384	177458	30	Solo
30153	GLOOTH TOWER MONK 185	glooth tower monk 185	EM	183	2840297	10870	31	Solo
30150	glooth tower	glooth tower	EM	183	2409624	118236	15	Solo
30149	werehyena monk 184	werehyena monk 184	EM	183	890857	79662	79	Solo
30127	Carnivora's Rocks	carnivora's rocks	ED	446	3103111	823160	62	Solo
30104	Roshamuul Mines 2	roshamuul mines 2	RP	467	6267634	348337	60	Solo
30091	Summercourt Castle only	summercourt castle only	EK	543	15540000	500025	60	Solo
30102	ASURA PALACE X2 MONK EK	asura palace x2 monk ek	EK	185	3110891	230984	27	Team
30103	Falcon head | duo	falcon head duo	ED	445	6626255	1666769	52	Team
30100	ASURA X2 EK MONK	asura x2 ek monk	EK	185	3184997	168000	28	Team
30098	ASURA PALACE X2 MONK EK	asura palace x2 monk ek	EK	185	2476172	282597	39	Team
30065	Rotten Wasteland 5x 02	rotten wasteland 5x 02	ED	768	10099610	2305549	85	
30044	Monk Hunt #16 Feyrist Dark Cave	monk hunt #16 feyrist dark cave	EM	102	2897100	12718	75	Solo
30034	Burster Spectre #26	burster spectre #26	EK	474	14892866	415148	76	Solo
30050	Leãozinho amp kor	leãozinho amp kor	EK	511	4468879	895232	64	Solo
30031	Burster Spectre #25	burster spectre #25	EK	472	15036659	436128	82	Solo
30024	Great Pearl Fan Reef	great pearl fan reef	ED	444	3072991	781737	70	Solo
30008	Roshamuul Mines 1	roshamuul mines 1	RP	466	3849095	208385	60	Solo
30000	Monk Hunt #15 Feyrist Dark Creatures	monk hunt #15 feyrist dark creatures	EM	98	1456824	65270	75	Solo
29990	Jaded Roots	jaded roots	ED	1463	39361091	12960188	180	
29964	Oramond Fury Dungeon 2	oramond fury dungeon 2	RP	465	3936642	447811	60	Solo
29962	Oramond Fury Dungeon 1	oramond fury dungeon 1	RP	465	3674067	360871	60	Solo
29963	Issavi Sewers | Trio	issavi sewers trio	ED	443	5390910	793093	60	
29965	werehyena monk 178	werehyena monk 178	EM	176	966545	126739	168	Solo
29959	Falcon Bastion | Duo	falcon bastion duo	ED	443	8086012	1337764	30	Team
29958	MEDUSA TOWER X2 EM+EK	medusa tower x2 em+ek	EK	176	1652124	168772	91	Team
29879	Sphinxes pat 1	sphinxes pat 1	EK	710	3841618	160710	42	Solo
29877	Plague Seal -1 part 2	plague seal -1 part 2	EK	710	3362169	678034	100	Solo
29871	Plague Seal -1	plague seal -1	EK	710	3327611	416263	91	Solo
29859	Monk Hunt #14 Feyrist Dark Creatures	monk hunt #14 feyrist dark creatures	EM	96	1395007	21018	33	Solo
29852	Nagas hunt with RP DUO 10.05.2025	nagas hunt with rp duo 10.05.2025	RP	692	11867589	294327	64	Team
29849	dt some time	dt some time	EK	709	4054035	1106727	40	Solo
29844	Bosses (GD ) GT) run	bosses gt) run	EK	709	151518	1516634	52	Solo
29843	Jaded Roots	jaded roots	ED	1459	39747389	12083060	190	
29824	Cobra Bastion | Trio	cobra bastion trio	ED	440	5687003	893219	60	Solo
29792	Great Pearl Fan Reef	great pearl fan reef	ED	439	3458124	935682	59	Solo
29781	Cobra bastion | Duo	cobra bastion duo	ED	439	5320920	764972	61	Team
29764	Burster Spectre #24	burster spectre #24	EK	470	11217923	328562	134	Solo
29753	Great Pearl Fan Reef	great pearl fan reef	ED	438	3240315	948374	59	Solo
29732	Monk Hunt #13	monk hunt #13	EM	92	2289780	0	31	Solo
29687	Falcon Bastion | Duo	falcon bastion duo	ED	438	6081631	1766324	61	Team
29679	Monk Hunt #12 Feyrist Dark Cave	monk hunt #12 feyrist dark cave	EM	88	1092164	41172	31	Solo
29670	Dt Seal morning 06.052025	dt seal morning 06.052025	EK	710	4147698	648014	39	Solo
29651	Monk Hunt #11	monk hunt #11	EM	81	1214016	12666	20	Solo
29650	Monk Hunt Duo #1	monk hunt duo #1	EK	68	712105	0	62	Team
29641	Monk Hunt #10 Last Middle Spike Hunt :(	monk hunt #10 last middle spike hunt :(	EM	79	1111004	0	30	Solo
29618	Falcon Bastion | Duo	falcon bastion duo	ED	436	13448913	1557991	61	Team
29576	Monk Hunt #9 Middle Spike	monk hunt #9 middle spike	EM	74	1905463	0	44	Solo
29534	Nagas on 2x	nagas on 2x	EK	708	12631537	298578	143	Solo
29530	Falcon Bastion | x2	falcon bastion x2	ED	436	12936811	0	105	Solo
29500	Monk Hunt #8 Middle Spike	monk hunt #8 middle spike	EM	64	1713986	0	63	Solo
29482	X4 ice	x4 ice	RP	671	0	1708745	58	
29484	x4 Ice 12 min	x4 ice 12 min	RP	672	0	1663390	12	
29463	Monk Hunt #7 Middle Spike	monk hunt #7 middle spike	EM	53	1078142	0	94	Solo
29462	Cobra Bastion -1 | Duo	cobra bastion -1 duo	ED	432	9866896	432447	110	Solo
29425	Monk Hunt #6 Upper Spike	monk hunt #6 upper spike	EM	47	759426	0	30	Solo
29458	edron vampires	edron vampires	EK	184	725438	7040	103	Solo
29457	warzone v	warzone v	RP	468	6849618	279811	223	Solo
29465	Jaded Roots	jaded roots	ED	1458	62433263	8648011	208	
29417	exotic cave	exotic cave	EK	184	688400	15840	51	Solo
29403	medusa tower	medusa tower	MS	135	1629324	0	67	Team
29404	Jaded Roots	jaded roots	ED	1456	39468365	10875031	206	
29382	Dessert Dungeons	dessert dungeons	ED	431	4754216	797219	64	Solo
29346	Jaded Roots	jaded roots	ED	1454	40875324	12922581	175	
29333	Dessert Dungeon	dessert dungeon	ED	431	4834823	704108	59	Solo
29322	Issavi Sewers | Duo	issavi sewers duo	ED	430	5711720	810138	61	Team
29310	[ED 3 VOC] Rippers	[ed 3 voc] rippers	MS	280	4692530	437873	83	
29292	Dessert Dungeons	dessert dungeons	ED	429	4655619	738130	60	Solo
29278	Ancient Ancestorial Grounds | Duo	ancient ancestorial grounds duo	ED	429	5546916	530656	65	Team
29256	Jaded Roots	jaded roots	ED	1454	32674048	11816676	196	
29250	Dessert Dungeons	dessert dungeons	ED	428	4852696	763647	60	Solo
29238	Dt Seal Evening 28.04.2025	dt seal evening 28.04.2025	EK	707	3812139	749727	157	Solo
29241	Falcon Bastion | Duo	falcon bastion duo	ED	428	5690912	1309209	61	Team
29236	Issavi Sewers | Duo	issavi sewers duo	ED	427	6216577	1030531	58	Team
29225	Carrinho 2 - Sanguine	carrinho 2 - sanguine	RP	1230	24452468	2796686	51	Solo
29223	Carrinho 2 - Soulcutter	carrinho 2 - soulcutter	RP	1230	23243734	3936601	67	
29201	DC	dc	MS	456	0	606330	8	
29199	Dt seal Evening 27.04.2025	dt seal evening 27.04.2025	EK	706	2786543	501260	208	Solo
29191	Jaded Roots	jaded roots	ED	1451	25393438	12001280	207	
29183	vampire edron	vampire edron	EK	184	305377	73218	27	Solo
29179	Furious Crater 4x 01	furious crater 4x 01	RP	817	7586470	2497987	105	
29166	Summercourt castle + tp	summercourt castle + tp	EK	518	12106045	704004	60	Solo
29149	Dessert Dungeons	dessert dungeons	ED	426	4794914	688523	59	Solo
29134	[4 VOC] RIppers 2	[4 voc] rippers 2	EK	214	4065698	478627	141	
29119	Dessert Dungeons	dessert dungeons	ED	426	4499076	609275	63	Solo
29115	Rotten Wasteland 5x 01	rotten wasteland 5x 01	RP	816	6557609	2204329	65	
29101	Issavi Sewers | Duo	issavi sewers duo	ED	425	6085914	804192	60	Team
29029	[3 VOC] Rippers 2	[3 voc] rippers 2	EK	211	1843411	517305	55	
29051	Issavi Sewers | Duo	issavi sewers duo	ED	424	5074143	760513	67	Team
29007	PoI dragon lords 2	poi dragon lords 2	RP	227	790094	35004	158	Solo
29002	Feyrist west	feyrist west	EK	183	316072	3030	68	Solo
29000	Dworcs port hope	dworcs port hope	EK	183	72045	7774	32	Solo
28980	Burster Spectre #23	burster spectre #23	EK	466	8447274	242261	124	Solo
28975	[3 VOC] Rippers	[3 voc] rippers	EK	206	4273137	310669	149	
29013	Exotic cave	exotic cave	RP	180	2422054	111513	65	Solo
28973	dragon hatchling test hunt	dragon hatchling test hunt	MS	116	172026	0	20	Solo
28952	[ED] Chosens	[ed] chosens	ED	171	1148573	84198	90	Solo
28963	Energy x4	energy x4	ED	685	0	1316777	172	
28942	Falcon Eagle	falcon eagle	MS	735	6644140	1446405	97	Solo
28933	Dt Seal evening 20.04.2025	dt seal evening 20.04.2025	EK	705	1903998	443682	178	Solo
28908	Falcon Eagle	falcon eagle	MS	735	6238153	1329195	32	Solo
28912	DT 20.04.2025	dt 20.04.2025	EK	705	4326644	582807	127	Solo
28909	Hunt Energy x4	hunt energy x4	ED	683	0	1973250	152	
28897	Asura Mirror	asura mirror	EK	544	6128326	784248	70	Solo
28882	Nagas night 19.04.2025	nagas night 19.04.2025	EK	704	4800139	136170	243	Solo
28862	Carlin Cults Duo EK+EM	carlin cults duo ek+em	EK	98	661762	0	88	Team
28870	Hunt Energy x4	hunt energy x4	ED	682	0	1957021	158	
28861	PoI dragon lords	poi dragon lords	RP	226	709957	8233	96	Solo
28835	Abandoned Sewers 2	abandoned sewers 2	RP	463	3460156	210377	60	Solo
28821	hunt energy x4	hunt energy x4	ED	681	0	1114557	177	
28794	Lion's Rock	lion's rock	MS	296	425862	17159	60	Solo
28775	Dt Seal Evening 17.04.2025	dt seal evening 17.04.2025	EK	703	3350834	797333	126	Solo
28760	Carlin Cults Duo EK+EM	carlin cults duo ek+em	EK	92	972187	0	47	Team
28723	DT Seal evening 15.04.2025	dt seal evening 15.04.2025	EK	704	2030875	138095	83	Solo
28726	Dark Thais[16/04/25]	dark thais[16/04/25]	RP	1199	10886399	5945542	70	
28700	Nagas hunt with RP in PT 16.04.2025	nagas hunt with rp in pt 16.04.2025	EK	703	12657853	80724	95	Solo
28705	DT Inquisition TEST	dt inquisition test	EK	725	4841606	754845	32	Solo
28710	Energy x4	energy x4	ED	679	0	2112312	166	
28659	Undead Dragons	undead dragons	RP	1085	11618154	2113861	41	Solo
28657	—	—	EM	36	189761	0	26	Solo
28650	Energy x4 morri kkk	energy x4 morri kkk	ED	679	0	1312151	125	
28653	Jaded Roots	jaded roots	ED	1446	30532448	11905281	193	
28623	Abandoned Sewers 1	abandoned sewers 1	RP	462	3530254	325184	60	Solo
28619	Dark Thais [14/04/25]	dark thais [14/04/25]	RP	1198	11904993	5707115	117	
28601	Jaded Roots	jaded roots	ED	1444	29636744	11231447	197	
28590	Undead dragrons -2	undead dragrons -2	RP	1084	11288456	2011948	32	Solo
28565	Fire x4	fire x4	ED	677	0	2240803	162	
28564	Jaded Roots	jaded roots	ED	1446	29082211	10896866	197	
28558	Dessert Dungeons	dessert dungeons	ED	422	4728429	650707	60	Solo
28555	Azzilion castle duo	azzilion castle duo	RP	1084	14295161	1330729	69	Team
28547	Dessert Dungeons	dessert dungeons	ED	422	4472377	695806	61	Solo
28534	Cobra Bastion | Duo	cobra bastion duo	ED	421	5412576	710011	57	Solo
28518	undead dragon -2	undead dragon -2	RP	1084	11813093	2279793	29	Solo
28523	Jaded Roots	jaded roots	ED	1445	30383101	10596656	194	
28517	Dessert Dungeons	dessert dungeons	ED	420	4528264	608228	50	Solo
28516	Undead Dragon -2	undead dragon -2	RP	1084	14086344	2272339	29	Solo
28499	Chocolate Mines	chocolate mines	ED	419	4688863	613976	60	Solo
28487	Ice libka z bobasami na bombach	ice libka z bobasami na bombach	EK	761	10910933	2199768	88	
28451	Bosses	bosses	EK	462	0	488024	27	
28452	Falcon Castle | Duo	falcon castle duo	ED	418	6481404	1932181	61	Team
28435	Fire x4 1hora com runa	fire x4 1hora com runa	ED	675	0	1802521	179	
28432	Jaded Roots	jaded roots	ED	1442	33723170	9777324	193	
28397	Dark Thais [09/04/25]	dark thais [09/04/25]	RP	1197	9456789	4870983	103	
28384	Bulltaury w trio z nowym teamkiem	bulltaury w trio z nowym teamkiem	EK	760	8245021	1720574	81	
28379	Fire libka 1h	fire libka 1h	ED	772	18024621	3291731	73	
28380	Fire x4 sem runa	fire x4 sem runa	ED	675	0	984002	191	
28360	Dark Thais [08/04/25]	dark thais [08/04/25]	EK	1245	8205459	4660270	101	
28317	Dark Thais [07/04/25]	dark thais [07/04/25]	RP	1196	10240983	5368111	108	
28299	Fire x4	fire x4	ED	674	0	1580571	179	
28256	Falcon Castle | Duo	falcon castle duo	ED	418	6432501	1426242	61	Team
28313	Energy x4	energy x4	ED	675	0	2021944	81	
28244	Ice libka na chillu większy profit niż zwykle	ice libka na chillu większy profit niż zwykle	RP	653	15832834	3926246	155	Solo
28219	Elfo de fogo	elfo de fogo	EK	456	0	652754	91	Team
28222	Falcon Castle | Duo	falcon castle duo	ED	417	6496193	1377515	62	Team
28187	Nightmare Isles #23	nightmare isles #23	EK	465	5604020	831802	93	Solo
28157	Warzone 5	warzone 5	RP	432	4864311	469204	43	Solo
28151	Jaded Roots	jaded roots	ED	1440	28153248	11398486	203	
28127	Nightmare Isles #22	nightmare isles #22	EK	464	5132680	386410	185	Solo
28101	Oramond Quaras	oramond quaras	MS	178	1924242	0	27	Solo
28092	Nightmare Isles #21	nightmare isles #21	EK	462	5544480	813722	129	Solo
28098	Deep Hub Magma Dungeon	deep hub magma dungeon	RP	171	1884276	0	20	Solo
28085	Nightmare Isles #20	nightmare isles #20	EK	462	4724227	932276	68	Solo
28097	Feyrist Mountains	feyrist mountains	RP	170	1301641	106632	41	Solo
28084	Chocolate Mines	chocolate mines	ED	416	5408630	495174	60	Solo
28090	Drakens	drakens	EK	450	2222414	342983	179	Solo
28072	Jaded Roots	jaded roots	ED	1438	30277569	10734792	208	
28057	Burster Spectre #22	burster spectre #22	EK	461	7336108	383473	114	Solo
28040	WZ 7 - bestiarka	wz 7 - bestiarka	RP	652	3686075	2353363	61	
28047	Corym full mana	corym full mana	MS	48	105757	0	37	Solo
28044	Undead Dragon -2	undead dragon -2	RP	1078	11502894	2140492	30	Solo
28039	Fire libka	fire libka	ED	768	16987756	3155777	159	
28038	Undead Dragon -2	undead dragon -2	RP	1078	11391288	2019999	31	Solo
28023	Pirat Wreckoning	pirat wreckoning	MS	173	4357293	422722	16	Solo
28014	Burster Spectre #21	burster spectre #21	EK	459	7940018	275743	91	Solo
27989	mino cults	mino cults	EK	270	1022706	688594	150	Solo
27988	Jaded Roots	jaded roots	ED	1439	26718507	10652963	203	
27899	Draken Wall South	draken wall south	RP	306	4606109	246419	47	Solo
27894	Cobra	cobra	EK	535	6307656	1549868	69	
27840	Fire libka z Haaqe	fire libka z haaqe	ED	766	20115856	2570882	146	
27831	Chocolate Mines	chocolate mines	ED	415	9115349	593921	59	Solo
27853	Bashmus	bashmus	EK	616	3121583	1522996	101	Team
27813	Chocolate Mines	chocolate mines	ED	415	4268166	479414	59	Solo
27852	Girts	girts	EK	616	2902787	1559261	64	Team
27771	Chocolate Mines	chocolate mines	ED	414	4478320	515436	60	Solo
27732	Chocolate Mines	chocolate mines	ED	413	6356074	606553	59	Solo
27850	Gazers	gazers	EK	616	2812901	986894	42	Team
27703	Energy x4	energy x4	RP	728	0	1802653	199	
27683	Energy x4	energy x4	RP	727	0	1666398	86	
27622	Energy x4	energy x4	RP	726	0	1974942	161	
27618	Jaded Roots	jaded roots	ED	1430	47727215	11163672	205	
27599	Ingol -2 GFB Test	ingol -2 gfb test	ED	1627	7715733	3051616	62	Solo
27598	Ingol -2 Avalanche	ingol -2 avalanche	ED	1627	8203014	3334462	75	Solo
27593	Energy x4	energy x4	RP	724	0	1732441	197	
27570	Roshamuul Mines - Terrorsleep	roshamuul mines - terrorsleep	RP	33	60	1890	22	Solo
27561	extension site	extension site	RP	583	5255669	539963	93	Solo
27568	Deep Hub Magma Dungeon	deep hub magma dungeon	RP	151	1119731	0	41	
27578	Pumin Seal Demon boost 01	pumin seal demon boost 01	EK	770	9371451	1904277	52	Team
27547	Energy x4	energy x4	RP	722	0	1649542	172	
27530	Azzilon castle basement	azzilon castle basement	RP	859	22440068	714006	60	Solo
27533	Azillion -3 -4 trio (Demon event)	azillion -3 -4 trio	RP	1159	48360593	2520855	211	
27502	Jaded Roots	jaded roots	ED	1426	38121160	12339656	192	
27488	Dark Thais [19/03/25]	dark thais [19/03/25]	RP	1193	10414095	5387797	62	
27467	Jaded Roots	jaded roots	ED	1425	44045794	11796955	201	
27446	Dark Thais [18/03/25]	dark thais [18/03/25]	EK	1247	7538714	4263902	122	
27422	Hero cave -3	hero cave -3	RP	148	989761	0	59	Team
27408	Dark Thais - Part 2 [17/03/25]	dark thais	RP	1193	0	5351705	87	
27404	Dark Thais - Part 1 [17/03/25]	dark thais	EK	1247	0	4704744	51	
27390	Rosha West with bleeder	rosha west with bleeder	RP	858	12105945	1714238	16	Solo
27394	Energy x4	energy x4	RP	723	0	1475278	167	
27359	Energy x4	energy x4	RP	722	0	2080727	162	
27322	Upper rosha	upper rosha	RP	857	10536444	1621062	20	Solo
27317	Ora catas	ora catas	RP	857	9790136	1102604	15	Solo
27321	Energy X	energy x	RP	721	0	1606245	192	
27309	Weretigers -2	weretigers -2	RP	856	7095711	1307650	29	Solo
27258	Dark Thais [13/03/25]	dark thais [13/03/25]	RP	1192	12428806	5457338	114	
27242	Energy x4	energy x4	RP	720	0	1816766	161	
27238	Inferniarch -3	inferniarch -3	MS	869	15762191	2461965	88	
27223	Dark Thais [12/03/25]	dark thais [12/03/25]	EK	1246	8536647	5287876	72	
27200	Exotic cave	exotic cave	RP	141	1226106	213063	18	Solo
27206	X4 Energy	x4 energy	RP	718	0	1938430	200	
27186	Dark Thais [11/03/25]	dark thais [11/03/25]	EK	1246	7737544	4703993	133	
27174	Energy x4	energy x4	RP	710	0	2196498	161	
27153	Dark Thais - Part 2 [10/03/25]	dark thais	RP	1192	9661681	5380220	62	
27148	Dark Thais - Part 1 [10/03/25]	dark thais	EK	1245	8354348	5024681	63	
27142	falcons	falcons	ED	913	12767476	1903857	60	Solo
27134	Energy x4	energy x4	RP	703	0	2057180	184	
27096	Inferniarchs -1&-2 2x 02	inferniarchs -1&-2 2x 02	EK	766	39665237	2568080	135	
27085	Dark Thais [09/03/25]	dark thais [09/03/25]	RP	1191	23036176	4752403	136	
27050	Inferniarchs -1&-2 2x 01	inferniarchs -1&-2 2x 01	EK	763	32837545	1689021	141	
27039	Energy x4	energy x4	RP	697	0	1879095	192	
27021	Rosha double	rosha double	RP	850	27181207	2188528	58	Solo
26998	Dark Thais [07/03/25]	dark thais [07/03/25]	RP	1190	21583149	4989229	141	
26959	WZ 4 #29 2x Exp	wz 4 #29 2x exp	EK	428	12359167	561412	102	Solo
26975	Energy x4	energy x4	RP	694	0	1959242	195	
26949	Elder Wyrms Drefia 1	elder wyrms drefia 1	RP	456	2474443	0	60	Solo
26945	Dark Thais [06/03/25]	dark thais [06/03/25]	EK	1243	7379193	4341756	106	
26889	Energy x4	energy x4	RP	693	0	701698	177	
26873	Marapur Turtles 2	marapur turtles 2	RP	456	2695327	521969	60	Solo
26868	Marapur Turtles 1	marapur turtles 1	RP	456	3321452	363814	60	Solo
26869	Summer Court #6	summer court #6	EK	424	9311095	847467	105	Solo
26875	Goana	goana	RP	694	8369520	1167424	202	
26865	Dark Thais [04/03/25]	dark thais [04/03/25]	EK	1243	10497846	4254818	137	
26848	Energy x4	energy x4	RP	693	0	2066184	189	
26818	Summer Court #5	summer court #5	EK	423	10305735	894714	63	Solo
26791	Buried Cathedral -8	buried cathedral -8	RP	478	4418330	1109630	69	
26774	Summer Court #4	summer court #4	EK	421	10476098	846103	102	Solo
26753	Nibblemaw ED 360	nibblemaw ed 360	ED	360	8095854	421499	60	Solo
26724	Burster Spectre #9	burster spectre #9	EK	420	11617330	124105	33	Solo
26707	Cobra	cobra	EK	495	9150727	1332923	76	
26661	Cobra	cobra	EK	493	15029725	1495087	74	
26641	Jaded Roots	jaded roots	ED	1780	60817917	8147797	203	Solo
26595	Dark Thais [27/02/25]	dark thais [27/02/25]	RP	1189	15465765	4949423	75	
26474	Gnomeprona carro 3	gnomeprona carro 3	ED	1314	21136330	3158094	190	
26479	Jaded Roots	jaded roots	ED	1397	53756209	11991470	202	
26373	Dark Thais [26/02/25]	dark thais [26/02/25]	RP	1188	12313695	4750639	137	
26069	Dark Thais - Part 2 [25/02/25]	dark thais	EK	1243	11499571	4255861	46	
26033	Dark Thais - Part 1 [25/02/25]	dark thais	EK	1243	9940916	3644339	70	
26167	Bursters Spectre	bursters spectre	ED	257	0	201636	123	
25841	Dark Thais [24/02/25]	dark thais [24/02/25]	RP	1187	0	4585500	131	
25696	Summer Court #3	summer court #3	EK	417	12707901	771490	120	Solo
25636	Summer Court #2	summer court #2	EK	416	7689800	595347	59	Solo
25635	Werecrocodile #1	werecrocodile #1	EK	416	4710583	637565	25	Solo
25634	Burster Spectre #8	burster spectre #8	EK	414	8081543	328180	83	Solo
25613	Ice libka z Pusiakiem	ice libka z pusiakiem	ED	749	18038501	3804229	68	
25507	Warzone 4 1	warzone 4 1	RP	454	4449915	407075	60	Solo
25476	Dark Thais [21/02/25]	dark thais [21/02/25]	RP	1187	9094231	4646812	50	
25380	Jaded Roots	jaded roots	ED	1387	38477791	10661663	203	
25283	Dark Thais [20/02/25]	dark thais [20/02/25]	RP	1187	8386282	4004428	119	
25156	Dark Thais - Part 3 [19/02/25]	dark thais	RP	1187	7885636	3459822	71	
25149	Dark Thais - Part 2 [19/02/25]	dark thais	RP	1187	8421082	3862268	29	Solo
25147	Dark Thais - Part 1 [19/02/25]	dark thais	EK	1242	5720507	2953889	47	
24983	Warzone 5 3	warzone 5 3	RP	452	5338805	552894	60	Solo
24985	Exotic cave	exotic cave	RP	105	705662	88922	26	Solo
24821	Warzone 5 2	warzone 5 2	RP	451	4859913	538716	60	Solo
24818	Warzone 5 1	warzone 5 1	RP	451	4697236	490467	60	Solo
24816	Dark Thais [17/02/25]	dark thais [17/02/25]	RP	1186	7347172	3050522	39	
24692	Cults yalahar	cults yalahar	ED	95	293638	169719	68	Solo
24526	Vandura Wyrm Lairs	vandura wyrm lairs	RP	101	696932	0	56	Solo
24537	Inferniarchs -1 01	inferniarchs -1 01	RP	734	16221084	1555942	72	
24519	Ice Library	ice library	EK	643	15743358	2869086	88	
24450	Jaded Roots	jaded roots	ED	1380	37611763	10708429	211	
24119	Azillon Castle (Wall)	azillon castle	EK	699	10808064	1129179	60	Solo
24087	Azillon Castle (Wall)	azillon castle	EK	699	9639604	1082442	60	Solo
24056	Podzilla [12/02/25]	podzilla [12/02/25]	RP	1186	12392674	2403041	64	
24023	Flimsy Venore	flimsy venore	RP	833	9079308	742867	26	Solo
23958	Podzilla [11/02/25]	podzilla [11/02/25]	EK	1241	10082280	2104893	33	
23772	Podzilla - Part 2 [10/02/25]	podzilla	RP	1185	10948719	2115342	62	
23771	Podzilla - Part 1 [10/02/25]	podzilla	EK	1241	8607157	1693347	38	
23724	Rosha West	rosha west	RP	833	10981062	1611484	17	Solo
23603	Cobra	cobra	EK	464	4636114	1217515	66	Solo
23573	Summer Court #1 Rapid	summer court #1 rapid	EK	407	11129215	587955	74	Solo
23563	Ice Library	ice library	EK	638	16149059	2616277	133	
23377	Werecrocs -2	werecrocs -2	EK	466	7454352	454532	30	Solo
23392	Cobras	cobras	EK	461	7175506	1224304	63	
23383	Podzilla [06/02/25]	podzilla [06/02/25]	RP	1185	12079196	2277570	82	
23363	Jaded Roots	jaded roots	ED	1381	34206496	10536598	203	
23248	Bulltauros [05/02/25]	bulltauros [05/02/25]	RP	1185	7937483	3302647	73	
22940	Jaded Roots	jaded roots	ED	1378	30640819	9555616	214	
22886	Carrinho 1 - Part 2 [03/02/25]	carrinho 1	RP	1185	6911341	1031593	33	
22885	Carrinho 1 - Part 1 [03/02/25]	carrinho 1	RP	1185	7326671	1512799	41	
22874	Carnisylvans solo 02	carnisylvans solo 02	EK	745	4051649	1081889	95	Solo
22804	Ice Library	ice library	EK	631	12822911	2461917	182	
22768	Burster Spectre #7	burster spectre #7	EK	399	10104000	493033	18	Solo
22743	Energy library	energy library	MS	1163	19064652	4795217	131	
22736	Cobra	cobra	EK	450	10601926	1106872	72	
22614	Burster Spectre #5	burster spectre #5	EK	393	7646400	176393	35	Solo
22610	Livraria Fire [30/01/25]	livraria fire [30/01/25]	RP	1184	20070462	4593900	137	
22411	Lost Souls Venore 30 min -1 and 2	lost souls venore 30 min -1 and 2	MS	384	13552753	449696	31	Team
22415	Livraria Fire [29/01/25]	livraria fire [29/01/25]	RP	1184	20746501	4993640	69	
22288	Livraria Fire [28/01/25]	livraria fire [28/01/25]	RP	1183	19404983	4628320	138	Solo
21812	Energy Library	energy library	EK	1096	15648232	4678870	120	
21680	Warzone 6 2	warzone 6 2	RP	447	3699790	423811	60	Solo
21679	Livraria Fire - Part 2 [23/01/25]	livraria fire	RP	1182	19918457	5307038	67	
21647	Livraria Fire - Part 1 [23/01/25]	livraria fire	RP	1182	21358749	4721916	63	
21583	Iks Yapunac "espinhos"	iks yapunac "espinhos"	ED	709	7482379	1568570	31	Solo
21585	Azillon Castle (Bestiary)	azillon castle	EK	678	6247359	24452	61	Solo
21579	Carrinho 2 - Gnomprona	carrinho 2 - gnomprona	ED	1070	13385885	2646313	138	
21584	Azillon Castle (Bestiary)	azillon castle	EK	678	6287008	60232	60	Solo
21538	Livraria Fire - Part 2 [22/01/25]	livraria fire	RP	1181	17009221	4020084	79	
21533	Livraria Fire - Part 1 [22/01/25]	livraria fire	RP	1181	21160844	5512201	60	
21517	Bashmu PT + G2 (4)	bashmu pt + g2	RP	1012	6634753	2157261	90	Solo
21516	Azillon Castle (Bestiary, Weekly XP Boost)	azillon castle	EK	676	7480338	155627	61	Solo
21515	Azillon Castle (Bestiary)	azillon castle	EK	676	6147665	105046	60	Solo
21473	Warzone 6 1	warzone 6 1	RP	447	3575778	286222	60	Solo
21283	Otherworld 3	otherworld 3	RP	446	2554552	331002	60	Solo
21215	Otherworld 2	otherworld 2	RP	446	2592443	300961	60	Solo
21250	Livraria Fire - Part 2 [20/01/25]	livraria fire	RP	1183	22105446	5670587	63	
21248	Livraria Fire - Part 1 [20/01/25]	livraria fire	RP	1183	20282224	5339227	72	
20786	Inferniarchs 04	inferniarchs 04	RP	714	8819245	1429583	71	
20723	Netherworld -2 (Bestiary)	netherworld -2	EK	675	6000925	270991	60	Solo
20722	Netherworld -2 (Bestiary)	netherworld -2	EK	675	5781764	382025	60	Solo
20457	Cobra Bastion	cobra bastion	MS	792	10977313	1091844	72	Solo
20324	Ice libka z Jeanzerą i Sukovem	ice libka z jeanzerą i sukovem	RP	715	17726898	3722458	131	
19566	Burster Spectre Trio	burster spectre trio	EK	368	4511232	402709	50	
19565	Livraria Fire - Part 2 [16/01/25]	livraria fire	RP	1181	13702298	4135239	74	
19433	Livraria Fire - Part 1 [16/01/25]	livraria fire	RP	1180	21920249	4808526	62	
19038	Livraria Fire [15/01/25]	livraria fire [15/01/25]	RP	1180	16284572	5012596	160	
18873	Yapunac Spikes	yapunac spikes	MS	791	9556521	1666608	36	Solo
18776	Falcon Eagle	falcon eagle	MS	791	9832502	1207294	91	Solo
18718	Livraria Fire - Part 2 [14/01/25]	livraria fire	RP	1179	14782105	4952539	63	
18714	Netherworld -1	netherworld -1	MS	791	10061330	815420	65	Solo
18717	Livraria Fire - Part 1 [14/01/25]	livraria fire	RP	1179	14781290	4885228	65	
18378	Livraria Fire [13/01/25]	livraria fire [13/01/25]	RP	1178	16553778	4337503	116	
17850	Inferniarchs -3 01	inferniarchs -3 01	EK	738	7222689	1160156	84	
17585	Ice libka z nowym MSem i na double resp speedzie	ice libka z nowym msem i na double resp speedzie	ED	742	16243850	3257815	113	
17395	Burster Spectre (Faster respawn - Winterlight Solstice)	burster spectre	MS	789	5318535	549510	62	Solo
17387	Mitmah Portão	mitmah portão	MS	789	6471795	573878	64	Solo
17355	Burster Spectre	burster spectre	MS	788	10547500	407835	114	Solo
17292	Otherworld 1	otherworld 1	RP	446	2917911	296152	60	Solo
17256	Livraria Fire [09/01/25]	livraria fire [09/01/25]	RP	1175	15855939	4307607	140	Solo
17092	Bashmu PT + G2 (3)	bashmu pt + g2	RP	1009	9192745	2318533	60	Solo
16993	Livraria Fire - Part 2 [08/01/25]	livraria fire	RP	1174	14916660	4237297	77	
16991	Warzone 1	warzone 1	MS	788	7055729	748266	92	Solo
16962	Livraria Fire - Part 1 [08/01/25]	livraria fire	RP	1174	14899357	4333880	80	
16960	Mitmahs portão	mitmahs portão	MS	788	9741184	541064	30	Solo
16800	Espinhos Yapunac	espinhos yapunac	MS	787	11232127	1238793	33	Solo
16793	Espinhos Yapunac	espinhos yapunac	MS	787	9628821	1355872	64	Solo
16697	Burster sem Theurgic	burster sem theurgic	MS	787	10487450	535796	65	Solo
16497	Cobra Bastion	cobra bastion	MS	787	10864138	1098365	60	Solo
15874	Espinhos Yapunac	espinhos yapunac	MS	786	8136451	1279045	44	Solo
15712	Burster Duo - Dia 2	burster duo - dia 2	ED	234	4290713	100611	98	Team
15520	Werelion -1	werelion -1	RP	402	2841842	368735	60	Solo
15465	Warzone 5	warzone 5	RP	401	3169540	305372	60	Solo
14856	Nimmersatt's Breeding Ground x4	nimmersatt's breeding ground x4	EK	615	12227803	1204257	165	
14650	Glooth Tower	glooth tower	EK	308	2708640	377711	60	Solo
14780	Inferniarchs 03	inferniarchs 03	EK	734	7896919	957017	83	Team
14585	FeruWay G2	feruway g2	RP	566	1962958	1153585	152	Solo
14522	cobra x4	cobra x4	EK	659	6460347	1469019	68	
14451	Dessert Dungeons 3	dessert dungeons 3	RP	443	2028606	175288	60	Solo
14195	Dessert Dungeons 2	dessert dungeons 2	RP	442	2198935	104232	60	Solo
14023	Marapur turtles	marapur turtles	RP	565	1811175	594514	28	Solo
14007	Dessert Dungeons 1	dessert dungeons 1	RP	442	2592906	61247	60	Solo
13991	Goana Esquerda	goana esquerda	MS	662	7536614	2532265	77	
13891	West Goana	west goana	MS	660	10387671	1560682	170	
13756	Ice libka na double expie	ice libka na double expie	ED	736	26862968	3457639	142	
13743	Cobra Duo Ek 350 + ED 500	cobra duo ek 350 + ed 500	ED	500	9472486	202776	35	Team
13748	Fire lib 2x	fire lib 2x	RP	831	27822492	3130408	67	
13739	War dragons 2x	war dragons 2x	EK	729	21732447	1738794	66	
13572	Bashmu BM + G2 (2)	bashmu bm + g2	RP	1007	12970061	2066233	57	Solo
13551	Inferniarchs 02	inferniarchs 02	EK	728	8761018	1054276	70	Team
13502	Nibblemaw lowblow + Candy overflux	nibblemaw lowblow + candy overflux	ED	311	3614710	343878	60	Solo
13405	Ice libka	ice libka	ED	732	17392579	3768764	138	
13229	Ice libka w standardowym składzie	ice libka w standardowym składzie	ED	731	16987086	3751797	71	
13098	Asura Palace	asura palace	EK	407	3158431	275788	62	Solo
12904	Bashmu PT + G2 (2)	bashmu pt + g2	RP	1006	6646015	2159949	89	Solo
12885	inferniarch fortress	inferniarch fortress	EK	856	16963987	664608	129	Solo
12882	Inferniarch Subsolo -3 [17/12/24]	inferniarch subsolo -3 [17/12/24]	RP	1163	10841932	1693837	128	
12871	Nibblemaw + lowblow	nibblemaw + lowblow	ED	309	3184581	335239	121	Solo
12833	Burster	burster	EK	406	3326542	224200	95	Solo
12759	Rotação 16-12	rotação 16-12	ED	512	161831	805473	140	Solo
12746	Yalahar Grim	yalahar grim	EK	406	5865473	192955	52	Solo
12645	Yalahar Grim	yalahar grim	EK	404	6088909	358742	33	Solo
12644	Yalahar Grim	yalahar grim	EK	404	5574891	112704	28	Solo
12642	Bashmu PT + G2 (1)	bashmu pt + g2	RP	1005	6665289	2228355	57	Solo
12637	Yalahar Grim Reaper	yalahar grim reaper	EK	677	4472713	123130	56	Solo
12620	War dragons	war dragons	EK	726	8528472	1771737	67	
12610	EK 403 Yalahar Grim	ek 403 yalahar grim	EK	403	4127718	257097	131	Solo
12617	True Asuras -2 02	true asuras -2 02	EK	726	6154772	2120514	67	Team
12503	Werelions -1	werelions -1	EK	595	3865508	725179	71	Solo
12449	EK 402 Yalahar Grim	ek 402 yalahar grim	EK	402	7387246	193757	49	Solo
12482	Full moon were crocs	full moon were crocs	EK	726	5600547	816612	100	Solo
12419	EK 402 Draken -1 e -2(Razachai)	ek 402 draken -1 e -2	EK	402	2788573	310740	26	Solo
12415	EK 402 Draken -1 e -2(Razachai)	ek 402 draken -1 e -2	EK	402	2375242	294348	30	Solo
12412	Summer Court	summer court	EK	594	5527398	437039	57	Solo
12408	Iks	iks	ED	577	5460350	649984	79	Solo
12371	Azzilon Castle	azzilon castle	ED	646	6653567	917036	153	
12293	Ice libka w standardowym składzie	ice libka w standardowym składzie	ED	728	15225678	3809359	136	
12039	Emperor's Castle 3	emperor's castle 3	RP	437	1717944	305444	60	Solo
11966	Sphinx 2	sphinx 2	EK	834	12735106	421486	60	Solo
11904	Bashmu BM + G2 (1)	bashmu bm + g2	RP	1005	6838875	2108067	60	Solo
11903	Sphinx	sphinx	EK	833	9552386	360644	85	Solo
11823	WereLion Duo Druid 305 + RP 290	werelion duo druid 305 + rp 290	RP	290	2047376	347561	124	Team
11818	Energy lib rapid	energy lib rapid	RP	735	14821570	1698776	80	
11648	Bashmu BM + G2	bashmu bm + g2	RP	1006	7474500	2060829	60	Solo
11646	Bashmu PT + G2	bashmu pt + g2	RP	1006	8844291	2309470	60	Solo
11514	Inferniarchs 01	inferniarchs 01	EK	724	8447227	1422312	39	Solo
11362	Emperor's Castle 2	emperor's castle 2	RP	435	3181055	425075	60	Solo
11366	Ice libka, Meedis z preyami	ice libka, meedis z preyami	ED	724	12594092	3489472	139	
11216	Ice libka z Wubuu na nowym RPku	ice libka z wubuu na nowym rpku	ED	723	15036799	3378636	133	
11047	Grim Reaper (Yalahar)	grim reaper	EK	285	3229034	5423	41	Solo
10744	Issavi episode 666	issavi episode 666	RP	618	19466699	2353480	60	
10750	RP Solo Roshamuul After Bones	rp solo roshamuul after bones	RP	568	6764047	554084	34	Solo
10691	Emperor's Castle 1	emperor's castle 1	RP	434	2607075	363434	60	Solo
10685	Ice Lib +2 mini boxes	ice lib +2 mini boxes	ED	706	10171972	2799437	98	
10690	Plague Seal -2 (RP+ED)	plague seal -2	RP	568	6053432	1081575	56	Team
10661	Seacrest Serpent (Sunken City South)	seacrest serpent	EK	281	3381611	191663	59	Solo
10585	Carnisylvans solo	carnisylvans solo	EK	724	3855879	857568	35	Solo
10576	Fire Library	fire library	MS	638	11027123	0	49	
10573	Fire Library	fire library	MS	638	12262370	2079488	38	
10439	Ice Lib	ice lib	ED	724	17369693	2673502	63	Solo
10412	Seacrest Serpent (Sunken City)	seacrest serpent	EK	277	2492413	239997	35	Solo
10335	RP Solo Roshamuul After Bones	rp solo roshamuul after bones	RP	567	8223995	450666	49	Solo
10251	Fire Library	fire library	MS	638	9860046	2009791	27	
10253	Fire Library	fire library	MS	638	0	2009791	27	
10247	Fire Library	fire library	MS	638	9014724	944362	25	
10246	Draken Walls	draken walls	EK	577	2183899	450494	78	Solo
10241	Ice Library	ice library	MS	638	9980771	1496704	31	Team
10233	DTSeal Ferumbras (RP+ED)	dtseal ferumbras	RP	567	5981606	1407085	69	Team
10225	DTSeal Ferumbras (RP+ED)	dtseal ferumbras	RP	566	6114516	1470451	67	Team
10206	ice rp	ice rp	RP	864	13444756	2607341	86	
10197	Pumin	pumin	EK	591	2497282	356864	76	Solo
10194	Roshamuul Depot	roshamuul depot	EK	591	3916696	627888	73	Solo
10193	Mirror	mirror	RP	685	6322385	353609	123	Solo
10178	Prona carrinho 3	prona carrinho 3	ED	1033	13415880	2938797	203	
10184	Hunt Cobras THx4	hunt cobras thx4	EK	377	6710179	998173	136	
10163	Cobra castle	cobra castle	EK	756	14151131	1563633	65	Team
10148	Fire Library	fire library	MS	637	8891436	1458772	83	
10150	—	—	MS	637	10390969	1458772	83	
10165	Nagas 02	nagas 02	EK	723	7509800	574935	48	Solo
10154	Elfos de Hielo	elfos de hielo	EK	590	3154748	609637	134	Solo
10145	Falcon	falcon	EK	590	0	789973	36	Team
10142	Jugg Seal	jugg seal	EK	590	3931505	666579	84	
10149	ICE LIBRARY MS 800	ice library ms 800	MS	800	0	2781817	71	
10101	ice library pt2	ice library pt2	ED	718	8865383	2422485	123	
10102	ice library pt2	ice library pt2	ED	719	5968653	2422485	123	
10104	ice library pt2	ice library pt2	ED	719	0	2422485	123	
10086	Draken Walls	draken walls	EK	576	2173799	519003	60	Solo
10035	Carnisilvans	carnisilvans	EK	589	2859558	829489	78	Solo
10003	Carnisilvans	carnisilvans	EK	589	3234096	1028974	80	Solo
9999	Dessert Dungeon -2 solo MS 800+	dessert dungeon -2 solo ms 800+	MS	800	3306306	607904	30	Solo
9877	Rootthings 04 EK	rootthings 04 ek	EK	721	10663847	1463365	73	
9590	Banuta -3	banuta -3	EK	272	2196936	292114	30	Solo
9583	Roothings x4 (-2)	roothings x4	RP	1121	30948242	2846877	125	
9594	Girts 02	girts 02	EK	720	5258753	2401424	103	Team
9468	Carnisilvans	carnisilvans	EK	588	1926122	704518	87	Solo
9467	roothings -2 hunt 30~	roothings -2 hunt 30~	RP	677	0	2036009	35	
9422	roothings -2 hunt 48 min DEAD BY NEUTRAL	roothings -2 hunt 48 min dead by neutral	RP	677	10712367	1231928	48	
9421	Carnisilvans	carnisilvans	EK	588	2029719	707803	97	Solo
9356	roothings -2 hunt 40min	roothings -2 hunt 40min	RP	676	11645792	1625000	41	
9306	Grims Yalahar 30 min	grims yalahar 30 min	EK	397	6067252	260056	30	Solo
9352	roothing -2 hunt 1	roothing -2 hunt 1	RP	676	9239949	1173188	80	
9272	roothings 1 lara	roothings 1 lara	RP	675	8605536	1136747	75	
9237	Yalahar Grims	yalahar grims	EK	396	9716818	109856	49	Solo
9245	Cobra Bastion x2	cobra bastion x2	EK	756	9029002	1547963	61	Team
9181	plague x3	plague x3	EK	589	2928906	811079	48	
9174	Plague Seal x3	plague seal x3	EK	588	2662680	806834	51	
9146	Weretigers	weretigers	EK	588	4879594	665962	67	Solo
9108	roothings 2	roothings 2	RP	674	11117674	1281836	61	
9088	DL POI	dl poi	ED	165	1582392	0	45	Solo
9042	Ice libka na RP z Ghousttem i Knurem	ice libka na rp z ghousttem i knurem	ED	632	14099302	2611838	152	
9041	roothings 1 octus	roothings 1 octus	RP	674	8517874	680631	84	
8997	dragon mixto	dragon mixto	RP	673	9330237	1509441	75	
8992	Roothings x4 (-2)	roothings x4	RP	1116	24325725	2610972	123	
8929	Dragons - West rotation	dragons - west rotation	ED	547	15262836	1174792	65	
8980	Rootthings 03 EK	rootthings 03 ek	EK	719	11749998	2053789	92	
8936	Rootthings -2	rootthings -2	ED	1173	31350401	3508903	64	
8918	Rotten Golem	rotten golem	ED	731	0	2809636	117	
8905	Roothings x4 (-2)	roothings x4	RP	1116	25618083	2819683	130	
8923	Girts 01	girts 01	EK	718	5034519	2980955	121	Team
8874	ICE LIBRARY	ice library	ED	536	9225882	2450787	97	Solo
8891	Wyrm Bestiario (darashia Drefia)	wyrm bestiario	EK	294	2395959	120016	86	Solo
8882	Wyrm Bestiario (darashia Drefia)	wyrm bestiario	EK	294	2713886	66170	83	Solo
8863	hunt 1 dragon 1	hunt 1 dragon 1	RP	672	10271872	1423525	60	
8844	Cobra castle	cobra castle	EK	755	8909226	1665597	70	Team
8799	Wyrm Drefia	wyrm drefia	EK	294	2117033	82838	75	Solo
8795	Roothings x4 (-2)	roothings x4	RP	1114	22665712	2354649	139	
8783	Hunt Ice Library ED 700	hunt ice library ed 700	ED	700	16590220	3092350	61	
8766	RP Solo Falcon	rp solo falcon	RP	565	4912202	641505	60	Solo
8751	Elfos de Hielo	elfos de hielo	EK	587	2425940	575582	79	Team
8747	energy books octus 1	energy books octus 1	RP	671	11164262	1692413	76	
8740	Pumin	pumin	EK	587	2663878	788528	39	
8723	ELFOS DE HIELO	elfos de hielo	EK	587	2360414	566130	85	Team
8710	Elfos de Hielo	elfos de hielo	EK	586	2651077	424023	103	Solo
8764	Carrinho #3	carrinho #3	RP	1709	17123016	5540673	199	
8687	Ice Elfs	ice elfs	EK	586	3368048	528675	85	Solo
8661	Bashmu Full set BiS	bashmu full set bis	RP	673	3552828	1466139	67	Solo
8647	Ingol -2 (EK+ED)	ingol -2	ED	636	3755609	1422339	79	Team
8572	Rootthings -2	rootthings -2	ED	1169	30802069	3010616	126	
8614	Prision -3 (EK+RP)	prision -3	RP	564	0	1293251	57	Solo
8559	ice libka na busym z Knurem i Bułą	ice libka na busym z knurem i bułą	ED	631	11502710	2280569	126	
8574	Asura Mirror	asura mirror	EK	586	3706545	482522	66	Solo
8705	Elfo de fogo	elfo de fogo	EK	867	5518740	1170742	119	Solo
8488	Quara solo	quara solo	ED	1182	26876404	1257199	60	Solo
8501	Carrinho #3	carrinho #3	MS	1702	19494316	6405925	196	
8461	Roshamuul Depot	roshamuul depot	EK	585	2873913	407377	64	Solo
8449	Upper Roshamuul Depot	upper roshamuul depot	EK	585	3440198	536346	61	Solo
8446	Cults Carlin	cults carlin	EK	127	1555320	0	30	Solo
8436	1 energybooks lara	1 energybooks lara	RP	671	7366165	1407066	71	
8405	DT Seal (ED+RP)	dt seal	RP	564	4765874	1048815	60	Team
8748	—	—	EK	686	9929168	1003302	60	Solo
8299	Carrinho #3	carrinho #3	EK	1759	18968330	6492689	190	
8252	energy lib	energy lib	ED	989	17014470	3832797	119	
8259	Tumba Edron	tumba edron	MS	69	264995	226486	98	Solo
8238	Rootthings -2	rootthings -2	ED	1167	29816711	3035263	107	
8247	Issavi Sphinx	issavi sphinx	EK	754	9175286	766577	49	Solo
8246	Bashmu Full set bis 2	bashmu full set bis 2	RP	672	2966027	884062	111	Solo
8233	hunt1 dragon 0	hunt1 dragon 0	RP	670	16172453	1573561	62	
8225	Cobra castle	cobra castle	EK	753	13833035	1938707	62	Team
8226	Cobra castle	cobra castle	EK	753	13801137	1938707	62	Solo
8187	Rotten x4	rotten x4	MS	1279	23580396	6867069	142	
8186	Tumba Edron	tumba edron	MS	67	254243	218579	96	Solo
8184	dragon 1 hunt 1	dragon 1 hunt 1	RP	670	9331341	1201443	69	
8176	Issavi Sphinx	issavi sphinx	EK	753	9619598	796684	63	Solo
8157	Bashmu Full set bis	bashmu full set bis	RP	672	5301921	1343857	61	Solo
8067	Ice libka - wubuu bez charmów	ice libka - wubuu bez charmów	ED	708	14769631	2827061	155	
8073	Bulltaur	bulltaur	MS	636	6917447	1677183	38	Team
8076	Bulltaur	bulltaur	MS	637	7062030	1677183	38	Team
8070	Ice Library	ice library	MS	636	16249726	1886805	32	Team
8071	Ice Library	ice library	MS	636	9466603	1886805	32	Team
8063	Cults Yalahar	cults yalahar	MS	65	242236	176238	72	Solo
8032	Rootthings	rootthings	ED	1165	31755675	3478367	152	
8028	POMBÃO	pombão	EK	751	9177779	816758	64	Solo
8031	cata xd	cata xd	EK	549	5569075	516432	68	
8016	Pumin	pumin	EK	1282	10518876	2178584	59	Solo
8019	Cults Yalahar	cults yalahar	MS	62	235783	142509	146	Solo
7991	Cults Yalahar	cults yalahar	MS	61	264486	157826	60	Solo
7993	thais malito	thais malito	MS	811	11348541	3954011	120	
7974	Roothings x4 (-2)	roothings x4	RP	1108	29936919	2514434	126	
7976	Roothings x4 (-2)	roothings x4	RP	1108	29607887	3101668	61	Solo
7989	Crypt warriors 01	crypt warriors 01	EK	717	7207141	1134975	47	Team
8706	Elfo de fogo	elfo de fogo	EK	867	7639832	1162477	121	Solo
7982	Pumin Seal	pumin seal	EK	717	7464663	2007763	83	Team
7917	Ice libka na exaltation evencie	ice libka na exaltation evencie	ED	706	10422422	3205019	174	
7885	Cults Yalahar	cults yalahar	MS	54	238922	196221	117	Solo
7865	Roothings -2	roothings -2	ED	1164	28981604	3017741	132	
7861	Falcon Bastion	falcon bastion	MS	929	7034442	2294024	95	Solo
7848	Brain Grounds (Flimsy Venore)	brain grounds	MS	929	11532657	959231	56	Solo
7807	Ice libka z Wubuu, team bez charmów	ice libka z wubuu, team bez charmów	ED	702	12772677	2464066	149	
7823	Bulltauros Revocs	bulltauros revocs	ED	653	0	797914	143	
7822	Fury Gate 01	fury gate 01	EK	717	4357518	377480	69	Solo
7813	Roothings x4 (-2)	roothings x4	RP	1106	29002209	2374536	130	
7800	WZ 7 SOLO	wz 7 solo	MS	1053	4463552	1736847	44	Solo
7713	hunt x dragon 0	hunt x dragon 0	EK	546	16615941	1276965	62	
7691	Ice lib	ice lib	MS	711	15160977	3640038	112	
7709	Cults Yalahar	cults yalahar	MS	52	224064	118356	72	Solo
7526	hunt 3 dragon 0	hunt 3 dragon 0	RP	670	8892284	2151461	58	
7492	boss run	boss run	EK	480	338403	0	37	
7493	boss run	boss run	EK	480	505660	0	37	
7494	boss run	boss run	EK	480	482280	0	37	Solo
7520	Ingol -3	ingol -3	ED	607	5525262	1204335	115	
7519	h2 dragon +1	h2 dragon +1	RP	670	9974898	1266354	67	
7508	Glooth Bandit (East)	glooth bandit	RP	202	2361530	174890	65	Solo
7464	Energy Lib	energy lib	MS	708	14074639	4581469	98	
7465	Energy Lib	energy lib	MS	708	0	4581469	98	
7466	Energy Library	energy library	RP	668	18704864	2602387	205	
7477	Otherworld - GT Svarground	otherworld - gt svarground	EK	618	4866502	1241226	137	Solo
7463	Glooth Bandits South (East)	glooth bandits south	EK	266	1739563	280062	62	Solo
7455	gloom hunt 2	gloom hunt 2	EK	1375	15064060	6394575	62	
7452	hunt 1 dragon 0	hunt 1 dragon 0	RP	670	16704164	2021702	64	
7441	Burster Duo	burster duo	ED	284	4071584	309172	50	Team
7424	Ice Library	ice library	MS	636	11801538	3071420	65	
7425	Ice Library	ice library	MS	636	15438555	3071420	65	
7402	IGOL -2	igol -2	ED	1479	11721233	2450277	61	Solo
7270	hunt3 dragon 0	hunt3 dragon 0	RP	668	11122223	2204166	62	
7268	hunt2 dragon 0	hunt2 dragon 0	RP	668	12126209	2025989	67	
7265	Prison -1	prison -1	EK	640	5290618	842257	61	Solo
7263	Marapur - Nagas	marapur - nagas	EK	774	9234588	609484	123	Solo
7191	dragones after double 1	dragones after double 1	RP	668	19033876	2221462	64	
7136	dragon lastastst	dragon lastastst	RP	667	24968295	1842154	57	Solo
7125	Energy Lib	energy lib	MS	707	28747731	4269047	109	
7126	Issavi - Goannas x4	issavi - goannas x4	RP	607	31902604	2416703	125	
7097	dragons trio	dragons trio	MS	704	17030325	2195334	72	
7102	Prison (-3 e -2)	prison	EK	568	12659817	1930116	213	
7081	Summer Court (Fire Elfs)	summer court	ED	798	9986427	1149065	65	Solo
7082	Marapur - Nagas	marapur - nagas	EK	768	15207715	668685	73	Solo
7091	cloakas	cloakas	MS	805	0	4496859	117	
7075	Issavi - Goannas x4	issavi - goannas x4	RP	604	31728954	2440120	137	
7076	Issavi - Goannas x4 (Double Exp) - Issavi Boosted	issavi - goannas x4 - issavi boosted	RP	604	25610854	2440120	137	
7067	cobra -1 solo	cobra -1 solo	EK	746	17650226	978923	54	Solo
7050	Rootthings 26/10/24 4voc x2exp	rootthings 26/10/24 4voc x2exp	EK	1078	57211394	3648671	130	
7044	Energy Lib	energy lib	MS	701	28973110	4244354	123	
7045	Energy Lib	energy lib	MS	701	30424529	4244354	123	
7031	Ice Library Alt - Double Event	ice library alt - double event	MS	634	16030922	1624270	41	
7027	Ice Library - Double Event	ice library - double event	MS	634	21903708	2815003	81	
7028	Ice Library	ice library	MS	634	27566844	2815003	81	
7003	drogon doble	drogon doble	RP	660	20143894	1087529	67	
6993	Dragaozinho Double D0	dragaozinho double d0	RP	827	34894132	3417405	180	
6970	Buried -8	buried -8	ED	303	11647500	956752	60	Team
8123	Rootting 4 voc -2 / raw 15.5	rootting 4 voc -2 / raw 15.5	EK	936	0	3436932	192	Solo
6954	dragones tristes	dragones tristes	RP	657	14332177	1528503	67	
6952	cobra -1 solo	cobra -1 solo	EK	742	8401135	865028	37	Solo
6928	Buried -3	buried -3	ED	301	6931063	791231	50	Team
6924	Ice Library	ice library	MS	633	10243414	2449290	66	
6925	Ice Library	ice library	MS	633	10314034	2449290	66	
6926	Ice Library	ice library	MS	633	10337165	2449290	66	
6919	ice	ice	ED	619	14769049	3094043	69	
6927	Ebb & Flow	ebb & flow	ED	1697	32564309	9718832	194	
6912	dragon s	dragon s	MS	549	10752018	2146110	86	
6905	dragon 1	dragon 1	MS	548	15018141	1768915	68	
6896	Dragaozinho	dragaozinho	RP	824	18333371	3340565	180	
6894	Hunt Ice Library ED 700	hunt ice library ed 700	ED	700	12550763	3091537	103	
6805	Werecrocs 01	werecrocs 01	EK	712	4821924	657271	92	Solo
6794	Ice Library	ice library	MS	634	10091509	2491528	66	
6795	Ice Library	ice library	MS	634	10091509	2491528	66	
6802	Ice Library	ice library	MS	634	0	2491528	66	
6796	Ebb & Flow	ebb & flow	ED	1698	33693035	8619989	202	
6771	Energy Lib	energy lib	MS	696	20055076	3844277	115	
6778	dragon 2	dragon 2	MS	546	15934401	1846112	62	
6777	dragon 1	dragon 1	MS	546	15840195	2232208	62	Solo
6767	Ice Library	ice library	MS	633	11656177	2845313	62	
6768	Ice Library	ice library	MS	633	12102376	2845313	62	
6769	Ice Library	ice library	MS	633	0	2845313	62	
6741	Ice Library	ice library	MS	632	12302174	2313077	53	
6742	Ebb & Flow	ebb & flow	ED	1698	31130345	8694194	198	
6732	dragon 2	dragon 2	MS	544	14422432	1154308	65	
6730	dragon 1	dragon 1	MS	544	14220406	1299351	66	
6717	Rootthings	rootthings	MS	1034	24903257	2109844	136	
6728	Feru Undead dragons 02	feru undead dragons 02	EK	711	8287343	1976548	66	Team
6714	grimeleech xd	grimeleech xd	EK	521	0	1154052	68	
6705	Ice Library	ice library	MS	632	11339421	2805300	64	
6706	Ice Library	ice library	MS	632	17001360	2805300	64	
6707	Ice Library	ice library	MS	632	0	2805300	64	
6704	Prison -1	prison -1	EK	632	5401530	930323	60	Solo
6702	Bulltaur Duo Full Soulpit	bulltaur duo full soulpit	EK	701	10384767	1890736	110	Team
6703	Prison -1	prison -1	EK	632	5399416	727926	60	Solo
6708	Ebb & Flow	ebb & flow	ED	1697	35028771	10156129	186	
6690	Root x4 21/10	root x4 21/10	MS	1273	22625305	4427913	133	
6688	dragonono	dragonono	MS	542	9791834	1361791	63	
6661	Rootthings 20/10/24 4voc	rootthings 20/10/24 4voc	EK	1069	33187608	3369925	64	Solo
6654	Rootthings	rootthings	MS	1032	27504168	2726335	206	
6664	prison 2	prison 2	MS	541	9154447	1387094	64	
6645	Bosses	bosses	MS	1032	0	14266852	37	
6677	Prison -3 Demon Boost 02	prison -3 demon boost 02	EK	711	15638595	1880571	70	Team
6659	prison 1	prison 1	MS	541	12950867	1448222	63	
6655	Issavi Sphinx	issavi sphinx	EK	739	8862486	722027	73	Solo
6652	Prison -2 (Orcsoberfest Boost)	prison -2	EK	631	7700595	909965	60	Solo
6646	Prison -2 (Orcsoberfest Boost)	prison -2	EK	631	7442843	740882	61	Solo
6642	rotten x4	rotten x4	MS	1272	22156912	4774372	139	
6603	Prison -2 (Orcsoberfest Boost)	prison -2	EK	631	7495151	595022	61	Solo
6597	prison	prison	MS	540	8272689	1066361	68	
6582	dragon pk hunt1	dragon pk hunt1	MS	540	8273251	481299	73	
6587	Prison -3 Demon Boost 01	prison -3 demon boost 01	EK	709	14619830	1584995	78	Team
6577	Elite Skeleton (Inside)	elite skeleton	EK	738	4546413	2006428	69	Team
6581	Ebb & Flow	ebb & flow	ED	1696	30446525	8328173	200	
6566	Rotten x4	rotten x4	MS	1271	20145911	5418265	168	
6555	Jug seal na zboostowanych demonach po orcsoberfeście	jug seal na zboostowanych demonach po orcsoberfeście	ED	688	15721649	2067046	145	
6550	Rootthings 4voc	rootthings 4voc	MS	1031	36970826	2686907	54	
6542	Rootthings 18/10/24 4voc	rootthings 18/10/24 4voc	EK	1067	32056962	3626785	62	
6528	buried x3	buried x3	ED	300	5500864	954114	52	Solo
6546	DRAGONS (2DO)	dragons	MS	537	17007221	2262566	61	
6536	Ice Library	ice library	MS	631	9676509	2588320	60	
6538	Ice Library	ice library	MS	631	0	2588320	60	
6545	+1 dragons (1 hunt)	+1 dragons	MS	536	14400459	1198535	66	
6539	wz5	wz5	EK	626	4552683	1085160	62	Solo
6527	Ebb & Flow	ebb & flow	ED	1695	0	9797604	129	
6505	4ta dragon	4ta dragon	MS	535	11721045	1919659	66	
6496	Ice Library	ice library	MS	630	15544030	2673287	69	
6497	Ice Library	ice library	MS	630	15540562	2673287	69	
6501	Ice Library	ice library	MS	630	0	2673287	69	
6500	3er hunt sin death	3er hunt sin death	MS	534	12105669	1647203	70	
6479	wz	wz	EK	625	2721646	626066	55	Solo
6481	2do dragon	2do dragon	MS	533	3005816	1034382	78	
6466	Edron Werecave	edron werecave	EK	275	2745900	227254	40	Solo
6478	wz6	wz6	EK	625	2042441	395192	98	Solo
6472	Ice Library	ice library	MS	630	9114602	2107633	65	
6458	first dragons	first dragons	MS	532	10035686	1347351	59	
6455	Rottem Golem	rottem golem	MS	1270	17185003	6608686	151	
6450	last cobras	last cobras	MS	531	13994208	1041225	65	
6445	grims yalahar	grims yalahar	EK	336	4532656	184406	55	Solo
6434	Rootthings 4voc	rootthings 4voc	MS	1028	35829734	2441234	55	
6430	Edron Werecave	edron werecave	EK	272	1969254	374991	33	Solo
6429	Drefia Wyrms | Solo EK 274	drefia wyrms solo ek 274	EK	274	2383249	14656	45	Solo
6425	Ice Lib	ice lib	MS	629	9120852	2273232	35	
6428	Ice Lib	ice lib	MS	630	0	2273232	35	
6424	Ice Library	ice library	MS	629	9174266	1458659	45	
6427	Ice Library	ice library	MS	630	0	1458659	45	
6410	el tigre issavi last	el tigre issavi last	MS	528	14793720	1289609	60	
6409	Rotten x4	rotten x4	MS	1270	0	4301042	152	
6399	issavi fenrir xd	issavi fenrir xd	MS	527	12097079	709812	68	
6390	Asura Mirror	asura mirror	EK	722	4291997	682893	69	Solo
6395	Feru Undead dragons 01	feru undead dragons 01	EK	709	8469946	1644685	50	Team
6387	Asura Mirror	asura mirror	EK	721	6257351	653801	106	Solo
6385	Ebb & Flow	ebb & flow	ED	1693	32098512	8541120	200	
6369	Asura Mirror	asura mirror	EK	721	4480615	757869	39	Solo
6370	rp lara issavi	rp lara issavi	MS	527	0	712846	75	
6364	Hunt Ice Library ED 700	hunt ice library ed 700	ED	700	11536160	3844100	88	
6354	Summer court	summer court	ED	557	6832410	509887	61	Solo
6352	Rootthings 14/10/24 4voc	rootthings 14/10/24 4voc	EK	1062	30804555	3519168	134	Solo
6351	Asura Mirror	asura mirror	EK	721	4810382	626670	132	Solo
6328	Asura Mirror	asura mirror	EK	720	4349829	716345	137	Solo
6324	Asura Mirror	asura mirror	EK	720	5071863	764400	134	Solo
6311	Asura Mirror	asura mirror	EK	719	6693399	821770	88	Solo
6308	Asura Mirror	asura mirror	EK	719	6673173	778541	47	Solo
6290	werelions (30m bonus xp)	werelions	ED	438	3854788	668428	144	Team
6292	Weretigers (Full Moon)	weretigers	ED	439	3585104	668428	144	Team
6296	Werelions -1	werelions -1	EK	328	3378776	804064	85	Solo
6289	Issavi z Wubu	issavi z wubu	ED	683	13386610	1752690	157	
6280	Carnisylvan	carnisylvan	ED	557	2722914	694659	42	Solo
6295	Crater 01	crater 01	RP	801	5510807	1794475	62	
6268	Cobra Bastion EK	cobra bastion ek	EK	998	16770963	1039912	90	Solo
6272	Asura Mirror	asura mirror	EK	719	4513619	758156	122	Solo
6237	Carnivor	carnivor	ED	557	2338635	553707	62	Solo
6230	wz5	wz5	EK	625	3155898	507380	65	Solo
6202	Issavi z Pio na RP	issavi z pio na rp	ED	682	11100757	1450337	114	
6203	Summer court	summer court	ED	556	5197050	462710	106	Solo
6209	Prison -3 01	prison -3 01	EK	708	6998830	1530013	82	Team
6186	Rootthings 10/10/24 4voc	rootthings 10/10/24 4voc	EK	1058	33763895	3372378	133	
6163	Carnivor	carnivor	ED	556	2176070	475661	71	Solo
6164	Cobra Bastion EK	cobra bastion ek	EK	997	18535333	1007252	89	Solo
6145	Iksupan Waterways (PH boosted)	iksupan waterways	ED	785	5239683	1403245	31	Solo
6114	Rootthings 4voc no preys	rootthings 4voc no preys	MS	1024	3094357	2158533	113	
6111	wz5	wz5	EK	624	3423725	572745	143	Solo
6106	Ebb & Flow	ebb & flow	ED	1690	31013196	7472314	200	
6228	Buried Cathedral -3 (Best raw/xp)	buried cathedral -3	MS	348	5883545	1145088	82	
6060	Ice libka z uhaczką zbindowaną z waveami	ice libka z uhaczką zbindowaną z waveami	ED	680	12396120	2629706	81	
6046	Ebb & Flow	ebb & flow	ED	1690	29610560	8587605	203	
6013	Ice lib charm hunt for gandi barrrrrrrri	ice lib charm hunt for gandi barrrrrrrri	MS	1023	12902010	3226842	85	
6028	Bulltaurs 03	bulltaurs 03	EK	707	8479426	2250325	66	
6011	Rippers Duo	rippers duo	ED	438	3552167	710671	68	Team
5999	Warzone 3 - Double loot	warzone 3 - double loot	MS	688	5930804	3239172	297	Team
5986	Jug seal z Wubuu	jug seal z wubuu	ED	680	2099719	3582264	149	
5967	Ingol -3 na double loocie	ingol -3 na double loocie	ED	679	7530334	4547698	194	
5979	wz4 double loot	wz4 double loot	EK	624	2595261	829764	224	Solo
5962	Ebb & Flow	ebb & flow	ED	1689	34645715	18923147	205	
5923	Fire Double Loot 6.10	fire double loot 6.10	ED	962	0	8585070	259	
5912	Deeplings duo (double loot)	deeplings duo	EK	458	3490129	1882207	131	Team
5939	Bulltaur Lair -2 x3	bulltaur lair -2 x3	ED	758	0	6359201	323	Solo
5890	Winter Court (double loot)	winter court	EK	457	4036083	2136061	102	Team
5918	Prison -3 2x loot	prison -3 2x loot	EK	707	6050941	4238838	75	
5901	Fury Gate 2x loot	fury gate 2x loot	EK	706	3511812	954184	42	Solo
5885	Ebb & Flow	ebb & flow	ED	1691	0	18339318	203	
5853	Winter Court (double loot)	winter court	EK	456	2843751	1854313	58	Team
5833	Rootthings 04/10/24 4voc double loot	rootthings 04/10/24 4voc double loot	EK	1053	29701662	8175901	64	
5822	Bultaurs Duo with paladink	bultaurs duo with paladink	RP	965	5315877	4432176	69	Team
5829	Winter Court (double loot)	winter court	EK	455	3777935	1994993	159	Team
5806	Dragons trio double loot event	dragons trio double loot event	RP	964	15087371	6621707	207	
5812	Ebb & Flow	ebb & flow	ED	1692	0	18799246	202	
5801	Carnivores 2x loot	carnivores 2x loot	EK	706	2634362	1674205	96	Solo
5795	Carnisylvans	carnisylvans	MS	685	3309556	1321345	129	Team
5772	Winter Court	winter court	EK	454	4490377	857848	99	Team
5786	Dragaozinho	dragaozinho	RP	803	18387689	3168340	180	
5771	Rootthingss last hunt before double	rootthingss last hunt before double	MS	1018	28268445	3234463	133	
5757	Ebb & Flow	ebb & flow	ED	1691	35363327	7744511	202	
5740	Undead Dragon - Ferumbras Seal - EK + MS	undead dragon - ferumbras seal - ek + ms	MS	685	5548807	1333465	103	Team
5733	Prision '2	prision '2	EK	309	0	288617	183	
5725	Hunt Ice Library ED 700	hunt ice library ed 700	ED	700	12081129	3496953	100	
5706	Crazy Winter Elves	crazy winter elves	EK	454	4104395	807694	87	Solo
5705	Rootthings p2	rootthings p2	MS	1016	24743535	3128047	124	
5691	Rootthings	rootthings	MS	1016	33678124	3489081	58	
5695	Mega Dragon [AVG 550+]	mega dragon [avg 550+]	RP	557	12199847	1543426	75	
5694	Mega Dreigon	mega dreigon	EK	527	0	1564283	74	
5703	Mega Dreigon	mega dreigon	RP	558	0	1564283	74	
5672	—	—	ED	1691	33180151	8978594	200	
5637	Bulltaur Lair -2 x3	bulltaur lair -2 x3	MS	703	9927871	3219249	141	
5640	Bulltaur Lair -2 x3	bulltaur lair -2 x3	MS	703	9662992	3219249	141	
5628	Hunt Ice Library ED 700	hunt ice library ed 700	ED	700	12674204	3399269	70	
5625	Podzilla -2	podzilla -2	EK	1162	30962381	2709868	95	
5610	—	—	MS	1014	24596673	3572888	150	
5604	Rootthings 01/10/24 4voc	rootthings 01/10/24 4voc	EK	1050	31615788	2723723	67	
5631	True Asuras -2 01	true asuras -2 01	EK	706	6469077	1746059	100	Team
5520	Hunt Ice ED 600	hunt ice ed 600	ED	600	11677520	3447054	105	
5512	Deathlings duo	deathlings duo	EK	453	4050076	600571	159	Team
5508	Issavi z Wubuu	issavi z wubuu	ED	674	11663472	1376463	155	
5495	ice library 4x Evento das cores	ice library 4x evento das cores	EK	830	20538133	4384751	67	
5497	Rootthings 02 EK	rootthings 02 ek	EK	705	9282993	0	54	
5478	Rootthings 4voc	rootthings 4voc	MS	1010	29534280	3296886	96	
5474	Rootthings 4voc	rootthings 4voc	MS	1010	26519143	2182003	96	Solo
5479	Livraria de Energy New Server	livraria de energy new server	RP	520	6549011	429833	248	
5463	Issavka na małe trapy	issavka na małe trapy	ED	673	10108420	1440110	125	
5457	Cobra Bastion EK	cobra bastion ek	EK	995	13257866	661846	59	Solo
5471	Rootthings 01 EK	rootthings 01 ek	EK	704	11003038	1070292	91	
5446	WZ 3 03	wz 3 03	EK	704	6125925	1472648	102	
5431	Rootthings + ichgahal second time	rootthings + ichgahal second time	ED	793	25304909	3582698	153	
5425	Bulltaurs 02	bulltaurs 02	MS	747	7026329	2470319	68	
5408	Roothhings 4x First time	roothhings 4x first time	ED	791	25757386	1927225	134	
5379	Livraria de Energy 25/09	livraria de energy 25/09	ED	514	6892480	486976	243	
5369	Upper rosha def prey choking	upper rosha def prey choking	RP	740	8697661	860635	48	Solo
5373	Skeleton Elite Warrior + Undead Elite Gladiator	skeleton elite warrior + undead elite gladiator	EK	732	3679228	1068487	224	Team
5371	Bulltaurs 01	bulltaurs 01	RP	501	7578895	1618255	59	
5368	fire x4 com evento das cores	fire x4 com evento das cores	ED	795	20910153	3165005	97	
5366	Issavi Crypts 02	issavi crypts 02	EK	702	7547783	240892	56	Solo
5334	Deathlings - Ancient Burial Grounds	deathlings - ancient burial grounds	EK	448	3463967	595066	125	Team
5321	Ice lib color boost	ice lib color boost	EK	783	18228275	2544874	138	
5320	Dragonpack	dragonpack	EK	994	16582353	2330143	130	
5316	Dragons 4vocze first time new team	dragons 4vocze first time new team	ED	786	26403649	4039871	149	
5315	Buried Cathedral | 23-09-2024	buried cathedral 23-09-2024	MS	204	4202090	56104	84	
5314	Buried Cathedral | 23-09-2024	buried cathedral 23-09-2024	MS	202	2289908	0	114	Solo
5323	Livraria de Energy 23/09 New Server	livraria de energy 23/09 new server	ED	509	8384751	500989	222	
5324	Lion's rock | 22.09.2024	lion's rock 22.09.2024	EK	208	1017643	101114	129	Solo
5287	Dragons trio	dragons trio	ED	785	19158622	3204372	149	
5290	Livraria de Energy 22/09 New Server	livraria de energy 22/09 new server	ED	508	5581325	280824	264	
5277	Court of Summer day 2	court of summer day 2	EK	447	4020981	616250	174	Team
5258	Wz1 Raid	wz1 raid	MS	528	18806352	1671792	5	Solo
5263	Wz1 Raids(5min hunt every 19 minutes)	wz1 raids	MS	528	4479092	422598	211	Solo
5274	WZ 3 02	wz 3 02	MS	619	6462913	1578071	69	Team
5265	Wardragon solo ED 1000+	wardragon solo ed 1000+	ED	1000	22462341	2517190	62	Solo
5255	Ice libka z Bułą	ice libka z bułą	RP	826	9321506	2365608	116	
5260	Livraria de Energy 21/09 New Server	livraria de energy 21/09 new server	ED	506	2774882	132732	298	
5247	Court of Summer	court of summer	EK	446	3177287	555385	231	Team
5234	Skeletin Darashia	skeletin darashia	EK	648	4929277	1949336	105	Team
5233	Livraria de Energy 20/09 New Server	livraria de energy 20/09 new server	ED	505	5694229	400912	246	
5184	burst sotda	burst sotda	EK	424	9239474	416378	127	Team
5180	Great Pearl Reef Turtles	great pearl reef turtles	EK	445	1935565	669157	187	Team
5160	podzilla -2 x4	podzilla -2 x4	EK	992	9319912	1065546	162	
5150	Skeleton Elite Warrior + Undead Elite Gladiator	skeleton elite warrior + undead elite gladiator	EK	731	2361033	962227	34	Team
5149	Crypt Warrior	crypt warrior	EK	731	4629544	649965	153	Team
5131	Dragons duo RP ED	dragons duo rp ed	RP	939	21830759	2454115	62	Solo
5144	Hunt Ice ED 600	hunt ice ed 600	ED	600	13236992	2926611	94	
5129	Rootthings 18/09/24 4voc	rootthings 18/09/24 4voc	EK	1099	30282988	2495031	70	
5140	ICE	ice	ED	765	7896890	3525866	120	Team
5113	Dragons duo	dragons duo	ED	778	21008250	2550152	151	Team
5123	ICE	ice	ED	764	11626744	3428066	120	Team
5111	Crypt Warrior	crypt warrior	EK	731	4528018	568054	37	Team
5112	Nagas 01	nagas 01	EK	701	10108023	548139	81	Solo
5110	Carnisylvans	carnisylvans	EK	731	2931908	1290304	68	Team
5105	Rootthings 02 RP	rootthings 02 rp	MS	744	8375663	825067	36	
5097	Wardragon solo ED 1000+	wardragon solo ed 1000+	ED	1000	21573186	2371507	62	Solo
5092	Livraria Ice 17/09	livraria ice 17/09	ED	498	10782014	1445349	232	
5080	Hunt Ice ED 600	hunt ice ed 600	ED	600	9091148	2658735	111	
5062	—	—	ED	774	20827298	2932909	131	Team
5067	Skeletin Darashia	skeletin darashia	EK	647	4320788	2036984	102	Team
5066	Livraria Ice 16/09	livraria ice 16/09	ED	496	7524890	1556694	239	
5058	Ingol -3 01	ingol -3 01	ED	663	6006443	1227925	82	
5042	ICE X2	ice x2	ED	763	7607890	3250017	62	Team
5030	Rootthings 01 RP	rootthings 01 rp	MS	588	8724981	961768	102	
5025	Issavi Crypts 01	issavi crypts 01	MS	615	5966007	901334	52	Team
5007	Carnisilvans	carnisilvans	EK	561	1950251	680168	32	Solo
4993	Rootthings 13/09/24 4voc	rootthings 13/09/24 4voc	MS	929	30103288	2429780	126	
4988	Wardragon solo ED 1000+	wardragon solo ed 1000+	ED	1000	21371502	2246654	63	Solo
4986	Skeletin Darashia	skeletin darashia	EK	646	4733487	1731534	84	Team
4984	Livraria Ice 13/09	livraria ice 13/09	ED	488	0	905436	232	
4979	Marapur Turtles	marapur turtles	EK	561	1563692	561666	71	Solo
4962	Bursters duo with Iris	bursters duo with iris	ED	352	6134229	328904	103	Team
4954	Gloom Pillars	gloom pillars	EK	1553	36251087	8177417	120	
4948	Roshamuul Depot	roshamuul depot	EK	560	3233406	554678	135	Solo
4942	Bursters duo SOTDA	bursters duo sotda	EK	416	5522625	325024	83	Team
4921	Bursters duo with Zin	bursters duo with zin	ED	206	3138689	26990	61	Team
4922	Bursters duo with Zin	bursters duo with zin	ED	206	1753428	26990	61	Team
4915	skeletin Darashia	skeletin darashia	EK	646	4156716	2057789	57	Team
4914	Upper Roshamuul Depot	upper roshamuul depot	EK	559	5383619	803508	63	Solo
4911	Skeletin Darashia	skeletin darashia	EK	646	4031304	1719550	81	Team
4908	Gloom Pillars	gloom pillars	EK	1552	34143176	8329182	120	
4882	Weretigers -2	weretigers -2	EK	541	5379514	697161	90	Solo
4881	Skeletin Darashia	skeletin darashia	EK	645	3773912	1258676	54	Team
4879	Skeletin Darashia	skeletin darashia	EK	645	2915882	1073429	63	Team
4868	Bashmu z charmami	bashmu z charmami	RP	607	3585963	816143	113	Solo
4863	Dragonpack	dragonpack	EK	991	15586206	3085031	127	Solo
4864	Ice LibraryED 600	ice libraryed 600	EK	580	10836148	3065310	105	
4855	cobra	cobra	EK	1127	17439566	1170080	94	Solo
4854	Bashmus 01 x2	bashmus 01 x2	ED	662	3882252	1475334	49	Team
4837	Mega dragons	mega dragons	RP	1256	20303304	1674367	62	Solo
4833	Darklight 2024-09-09 Morning	darklight 2024-09-09 morning	RP	1861	52295062	9026639	145	
4827	Darklight 4HR 08/09 - Double Day 3	darklight 4hr 08/09 - double day 3	ED	1674	82852102	9123110	242	
4828	Darklight 4HR 08/09 - Double Day 3	darklight 4hr 08/09 - double day 3	ED	1674	0	9123110	242	
4829	True Asura Duo	true asura duo	ED	834	12031986	2670495	225	Team
4831	Ice Library - EK + ED + MS	ice library - ek + ed + ms	ED	512	15319391	1919575	190	
4786	Ice libka z Ssewo	ice libka z ssewo	MS	817	23515849	3246829	179	
4839	Quara Podzilla	quara podzilla	ED	1418	40053491	1343084	120	Team
4755	duo bax -7	duo bax -7	RP	926	31907865	2627889	217	Team
4776	cloak	cloak	MS	779	21271160	5019670	117	
4748	Ice libka z Księdzem	ice libka z księdzem	RP	821	35348499	3074411	107	
4758	—	—	EK	573	28752523	3293567	179	
4764	cloak	cloak	MS	779	20335377	5528947	119	
4751	Gloom pillars	gloom pillars	EK	1550	50828615	8089199	121	
4753	Darklight 2024-09-08 Morning	darklight 2024-09-08 morning	RP	1858	84984879	10084505	188	
4744	Cathedral -3 (Double XP)	cathedral -3	EK	644	12028679	1151351	112	Solo
4740	Darklight 4HR 07/09 - Double Day 2	darklight 4hr 07/09 - double day 2	ED	1668	84143003	6587231	232	
4741	Darklight 4HR 05/09 - Double Day 2	darklight 4hr 05/09 - double day 2	ED	1668	0	6587231	232	
4727	hunt groot andar de cima	hunt groot andar de cima	EK	1125	29114455	4176092	89	
4730	Nimmersatt's Breeding Ground	nimmersatt's breeding ground	MS	944	25593125	1733137	62	Solo
4684	Hunt True Asura Duo	hunt true asura duo	ED	832	12070588	2256929	267	Team
4687	cloak	cloak	MS	776	0	5146516	122	
4669	Darklight 2024-09-07 Morning	darklight 2024-09-07 morning	RP	1856	88633623	9933158	220	
4666	Hunt True Asura Duo Double	hunt true asura duo double	ED	831	19808724	3157395	84	Team
4653	Nightmare Isle (Double XP)	nightmare isle	RP	655	6126310	499530	24	
4656	cloak	cloak	MS	775	18560313	4857057	119	
4646	Cloak 06-09 (Double)	cloak 06-09	ED	976	29508268	4342281	193	
4650	Darklight 4HR 06/09 - Double Day 1	darklight 4hr 06/09 - double day 1	ED	1668	91253443	7972834	232	
4625	50+	50+	ED	40	655284	0	35	Team
4585	Podzilla Roots 2h	podzilla roots 2h	MS	916	43438873	2430810	138	
4614	INGOL -3	ingol -3	RP	907	30998248	3266244	169	
4629	ice x4	ice x4	MS	964	29809488	4363651	210	
4596	Ice Library - EK + ED + MS	ice library - ek + ed + ms	ED	503	17940865	2021246	134	
4601	Ice Library - EK, ED + MS	ice library - ek, ed + ms	ED	506	14956768	1696497	139	
4611	Quara Podzilla	quara podzilla	ED	1419	37708946	1292481	60	Solo
4571	cloak1	cloak1	MS	771	33377855	4547063	124	
4566	Gloom Pillars	gloom pillars	EK	1549	54275996	8697628	120	
4564	Darklight 2024-09-06 Morning	darklight 2024-09-06 morning	RP	1853	87988671	11841677	167	
4640	Falcon	falcon	ED	682	6531686	1466200	30	Solo
4641	Carnivor	carnivor	ED	682	2882717	897705	31	Solo
4553	Prison -2 Duo (EK + MS)	prison -2 duo	EK	722	4785823	1217078	126	Team
4552	Prison -2 - EK 700 + MS 600	prison -2 - ek 700 + ms 600	EK	700	4873327	1236708	124	Team
4539	Ice Library ED 600	ice library ed 600	ED	600	12858012	3363992	87	
4533	hunt cobra solo	hunt cobra solo	EK	1121	17523309	1185488	69	Solo
4525	putrefactory 5/9	putrefactory 5/9	RP	1856	65507121	15635575	120	
4516	Gloom Pillars	gloom pillars	EK	1548	30346491	7234918	120	
4483	Ice Library ED 600	ice library ed 600	ED	600	14688710	3231310	86	
4471	Wardragon solo ED 1000+	wardragon solo ed 1000+	ED	1000	21438410	1939855	62	Solo
4467	libreria	libreria	MS	771	8388507	3108081	111	
4451	Gloom Pillars	gloom pillars	EK	1547	34479355	8708925	120	
4445	Darklight 04/09	darklight 04/09	RP	1854	57310025	8739791	143	
4446	Darklight 04/09	darklight 04/09	RP	1854	49468941	8739791	143	
4406	Ice Library ED 600	ice library ed 600	ED	600	0	2625695	88	
4374	Duo Dragons	duo dragons	RP	913	19694763	2779014	66	Team
4393	Darklight 2024-09-03 Noite	darklight 2024-09-03 noite	RP	1854	60502389	9321861	65	Solo
4394	Darklight 2024-09-03 Noite	darklight 2024-09-03 noite	RP	1854	45994008	9321861	65	
4297	Temple of the Moon Goddess	temple of the moon goddess	EK	758	8595761	811315	60	Solo
4342	True Asura Duo	true asura duo	ED	830	6234873	2292821	83	Team
4343	Darklight 2024-09-03 Morning	darklight 2024-09-03 morning	RP	1853	58146874	8850820	136	
4313	Darklight 2024-09-02 Noite	darklight 2024-09-02 noite	RP	1853	63677133	10058665	63	
4293	putrefactory 2/9	putrefactory 2/9	RP	1853	61999923	13707739	120	
4253	Darklight 2024-09-02 Manhã	darklight 2024-09-02 manhã	RP	1853	0	9092783	149	
4131	Ice libka z Ojcem	ice libka z ojcem	RP	699	15794812	3617330	139	
4122	Dragons 4 voc	dragons 4 voc	ED	771	17700674	3140458	140	
4114	Energy Library x3	energy library x3	RP	821	10985994	3015999	63	
4096	Ice libka w trio bez ms	ice libka w trio bez ms	RP	817	14491841	2948875	103	
4069	goanna	goanna	ED	495	12847252	1611091	79	
4065	Goana	goana	ED	494	4960548	917683	142	
4057	goana	goana	ED	493	7510606	1019154	86	
4044	Goana	goana	ED	492	10750993	1521527	99	
4028	GOANA	goana	ED	490	8640343	1181283	123	
3974	Goana	goana	ED	489	6648230	706812	91	
3909	prison -1	prison -1	ED	457	3228287	382941	38	Solo
3913	Ice 14/08	ice 14/08	EK	810	11332490	2179172	150	
3842	elfinho de fogo	elfinho de fogo	ED	487	4790883	724989	58	Solo
3837	elfinho de fogo	elfinho de fogo	ED	486	5534129	649995	62	Solo
3817	elfinho de fogo	elfinho de fogo	ED	485	4999311	525699	67	Solo
3796	Cobra bastion	cobra bastion	ED	484	7590130	1179934	88	Team
3788	DT inqui duo	dt inqui duo	ED	483	4637850	1145395	66	Team
3741	Girtabilu w duo	girtabilu w duo	EK	812	4510018	1814580	133	Team
3728	Falcon Bastion	falcon bastion	MS	606	4250435	1881802	81	Team
3726	Falcon Bastion	falcon bastion	MS	605	5313159	1623661	84	Team
3720	Falcon Bastion	falcon bastion	MS	605	4597559	2050680	68	Team
3710	Falcon Bastion	falcon bastion	MS	604	4458332	1675373	91	Team
3701	Elder Wyrm Drefia	elder wyrm drefia	MS	629	2615292	52428	15	Solo
3688	Falcon Bastion	falcon bastion	MS	604	0	1774950	71	Team
3682	Bilu duo shaman	bilu duo shaman	ED	480	2668147	2505627	128	Team
3659	ICe libka z innym MSem	ice libka z innym msem	MS	534	12828737	3059730	150	
3655	Elder Wyrm Drefia	elder wyrm drefia	MS	629	2184297	167658	23	Solo
3647	Cobra bastion w trio	cobra bastion w trio	MS	583	12191901	1610328	68	Solo
3615	Dobijanie bestiarki na deathlingach	dobijanie bestiarki na deathlingach	RP	598	5429911	451169	119	Solo
3618	Asura Castle	asura castle	MS	629	4067022	436644	20	Solo
3541	Asura Mirror	asura mirror	MS	629	5120994	553280	21	Solo
3540	Asura Castle	asura castle	MS	629	3927300	284130	30	Solo
3527	Ice libka mid kółko	ice libka mid kółko	RP	682	13988305	2920047	141	
3496	Livraria ICE (PT x5)	livraria ice	ED	476	0	1773320	79	
3473	Prison -3 14/07	prison -3 14/07	RP	491	0	2473606	66	
3325	Dragons duo	dragons duo	ED	713	20892834	2001768	82	Team
3321	Hunt ice 05-07	hunt ice 05-07	RP	828	21807208	2887844	174	
3304	Ripper	ripper	ED	247	5575862	615427	88	
3270	Ripper	ripper	ED	242	5039580	563400	171	
3211	Ice libka na full preyach teamek, 200% exp bazowo	ice libka na full preyach teamek, 200% exp bazowo	MS	786	24049147	3762182	144	
3194	Ice libka z kartkami, 200% exp bazowo	ice libka z kartkami, 200% exp bazowo	MS	786	23880608	3304642	138	
3152	Isles	isles	ED	236	2501192	477532	221	
3073	Bashemuul	bashemuul	RP	756	5118713	1321570	61	Solo
2983	Hunt Energy	hunt energy	MS	600	9284246	1883458	154	
2955	Ice libka	ice libka	MS	773	14734169	3135968	183	
2939	Hunt Energy	hunt energy	MS	599	2028234	1726117	212	
2927	Ingol -3 pierwsze podejście	ingol -3 pierwsze podejście	MS	772	3106253	1509453	129	
2917	Energy libka z 2 deskami moimi i 1 EKa	energy libka z 2 deskami moimi i 1 eka	MS	771	24211	1826624	173	Solo
2884	Nightmare Scion Task	nightmare scion task	RP	90	1008597	0	53	Solo
2795	Energy libka z 1 deską	energy libka z 1 deską	MS	764	7343849	2083751	131	
2650	Ingol -1	ingol -1	EK	878	0	1645534	57	
2647	Fire libka z ekipą Ssewo i Bombką	fire libka z ekipą ssewo i bombką	MS	759	13002387	2625930	132	
2639	GT	gt	EK	878	5798304	1309083	70	Team
2627	Bashmu	bashmu	EK	699	5307042	1210283	62	Team
2620	Bulltaur	bulltaur	EK	698	6798340	1692040	57	
2601	Ingol -1	ingol -1	EK	876	5105527	1421426	77	Team
2617	Ingol -1 MS	ingol -1 ms	EK	877	5105527	1421426	77	Team
2548	Bulltaur	bulltaur	EK	695	6782241	1944831	63	
2546	Blilu	blilu	EK	695	4655132	2408415	39	
2519	pirat -1	pirat -1	EK	361	5894550	685671	60	Solo
2439	Cobra	cobra	EK	691	8925971	1556179	67	Team
2434	Mega Dragon	mega dragon	EK	690	8519915	1274403	53	
2430	Ice Library - No Runes	ice library - no runes	EK	690	6977725	1421858	70	
2425	Mega Dragon	mega dragon	EK	690	9371286	1208383	77	
2410	Trio dragons with Zeek/red	trio dragons with zeek/red	ED	646	14828071	1498616	137	
2409	Bulltaur	bulltaur	EK	689	6288190	1493474	47	Team
2407	Bulltar	bulltar	EK	689	4006104	1361147	74	Team
2394	Barkless at 163	barkless at 163	EK	162	4420350	0	30	Solo
2377	Ice lib 4 voc boosted icecold book	ice lib 4 voc boosted icecold book	MS	693	25023759	5407346	134	
2360	Ice lib 4 voc	ice lib 4 voc	MS	692	18543679	3260144	109	
2362	Blilu	blilu	EK	687	4679002	2543118	75	
2345	Ice Library 4 voc	ice library 4 voc	MS	691	16908688	4428544	67	
2342	Ice Library 4 voc	ice library 4 voc	RP	768	12784279	4396223	46	
2322	Ice Library 4 voc	ice library 4 voc	EK	662	15538317	3729161	102	
2277	Bulltaur	bulltaur	EK	682	8506416	3067321	55	
2266	Bulltaur	bulltaur	EK	681	8491306	2886675	60	
2249	Issavi sw solo first try	issavi sw solo first try	ED	641	8032598	606055	25	Solo
2252	Bulltaur	bulltaur	EK	681	9530575	2359441	72	
2219	Blilu	blilu	EK	679	4685490	2088258	92	Team
2200	Summer court sesh	summer court sesh	ED	638	13668781	1007514	60	Solo
2172	Ingol Surface	ingol surface	EK	678	5817043	2100790	56	
2064	MS+EK Cobras	ms+ek cobras	MS	682	12773313	1990835	61	Team
2336	Girtabilu duo EK MS	girtabilu duo ek ms	EK	663	4218805	1826555	44	Solo
2054	MS+ EK	ms+ ek	MS	681	12779795	1817924	60	Team
2007	Gazer Spectre x Thanatursus	gazer spectre x thanatursus	ED	327	1675527	674256	97	
1987	Ice libka z Ssewo i boosted piórkami	ice libka z ssewo i boosted piórkami	MS	740	18512784	3820726	143	
1963	Ice libka z ekipą Ssewo	ice libka z ekipą ssewo	MS	738	15322671	2987670	140	
1949	Ice libka z Ssewo i Arcybryniarzem	ice libka z ssewo i arcybryniarzem	MS	737	8605597	2641217	128	Solo
1828	Ice libka z Ssewo	ice libka z ssewo	MS	733	13950892	2847595	150	
1825	Wardragony z ekipą Ssewo	wardragony z ekipą ssewo	MS	732	13640158	2275150	88	
1808	issavi x4	issavi x4	RP	857	22279158	2985472	67	
1792	Mirror na 3 boostach	mirror na 3 boostach	RP	590	10857732	717932	195	Solo
1785	Ice libka w standardowym składzie	ice libka w standardowym składzie	RP	576	10278031	2498534	149	
1781	Wardragony z ekipą Ssewo	wardragony z ekipą ssewo	MS	731	5913590	1952196	120	
1766	Cobra Castle	cobra castle	MS	623	7708955	1278375	71	
1752	Jug seal z charmami (częściowo) +50% raw expa na demony	jug seal z charmami +50% raw expa na demony	MS	729	13414190	1844458	187	
1749	True Asuras with blood	true asuras with blood	ED	617	5397501	1332284	58	Team
1747	Cobra Castle	cobra castle	EK	674	9438869	1667723	47	Team
1736	Jug seal z ekipą Ssewo	jug seal z ekipą ssewo	MS	728	16289419	2458011	91	
1710	wardragons x4	wardragons x4	RP	850	24656203	3863702	64	
1659	True Asure	true asure	MS	622	6257738	1149953	54	
1647	Mirror z plasma collarem zamiast szalika	mirror z plasma collarem zamiast szalika	RP	584	8537349	442033	121	Solo
1640	Ice libka z Vvgee	ice libka z vvgee	RP	446	11914743	2692365	70	
1614	Wardragony na double -6 a potem -7	wardragony na double -6 a potem -7	ED	653	18673162	2220800	139	
1584	Ice libka z kołem pod pączka i dwuręką u EKa	ice libka z kołem pod pączka i dwuręką u eka	RP	563	19579321	2753850	172	
1558	issavi x4	issavi x4	RP	836	21600960	3187118	63	
1557	Lower rosh bez charmów	lower rosh bez charmów	RP	576	6152257	602329	63	Solo
1550	Asura Mirror	asura mirror	RP	576	9426917	476282	60	Solo
1547	Ice libka z ssewo	ice libka z ssewo	MS	718	12257538	2683143	140	
1537	Livraria de Energy	livraria de energy	RP	805	14768818	3308192	129	
1535	Rosha	rosha	RP	737	13126839	1432601	61	Solo
1529	Ice libka w stałym składzie	ice libka w stałym składzie	RP	559	11602184	2708728	150	
1526	Bulltaury -1	bulltaury -1	ED	649	8302785	2154547	97	
1485	Issavi surface na double + cake event	issavi surface na double + cake event	ED	648	17302663	1402315	159	
1458	Wardragony na double + cake evencie	wardragony na double + cake evencie	ED	645	13696485	1730420	163	
1438	Issavi surface na stacki	issavi surface na stacki	EK	613	20061869	1481750	198	
1428	3h Lower Rosh	3h lower rosh	RP	371	12138487	483550	183	Solo
1417	Mirror	mirror	RP	562	9330357	0	55	Solo
1385	Lower Rosh	lower rosh	RP	367	7568876	445462	60	Solo
1379	Blilu	blilu	MS	622	6728944	1971629	81	Team
1371	issavi full th	issavi full th	RP	819	27465994	3022548	98	
384	Asura Palace 1h	asura palace 1h	RP	365	7674297	234345	60	Solo
1348	Blilu	blilu	MS	621	7104087	1660089	65	Team
1325	energy	energy	RP	915	21409839	3546247	70	
1300	ingol -3	ingol -3	RP	810	14281725	3247631	64	
1301	Cobra Castle	cobra castle	EK	659	9899087	1770204	82	Team
1296	Ingol Surface	ingol surface	MS	620	4994746	1434928	54	
1295	Darashiah WereHyena -2 south	darashiah werehyena -2 south	ED	479	2412828	489847	66	Solo
1290	Issavi Sphinx -2 Duo (EK|ED)	issavi sphinx -2 duo	ED	479	4575975	250930	136	Team
1280	Bashmu	bashmu	MS	620	3424751	1156820	58	Team
1233	Issavi Sphinx -2 Duo (EK|ED)	issavi sphinx -2 duo	ED	478	0	522944	64	Team
1231	Bashmu	bashmu	MS	620	3403898	1292646	74	Team
1215	Ice libka - Galareta bez utamy	ice libka - galareta bez utamy	RP	522	11530473	2428397	161	
1216	Cobra Castle	cobra castle	EK	658	9522500	1902250	68	Team
1211	Blilu	blilu	MS	619	4488406	2206032	41	
1217	demons 6666	demons 6666	RP	483	2929829	383740	88	Solo
1205	Werebear besty	werebear besty	MS	619	1378148	172771	47	Solo
1200	blilu	blilu	EK	523	2589047	1185752	65	Team
1195	Werebear besty	werebear besty	MS	619	943015	95094	41	Solo
1184	Ice libka w standardowym składzie	ice libka w standardowym składzie	RP	518	13876037	2792777	131	
1176	Werebear besty	werebear besty	MS	619	1565742	143541	35	Solo
1169	Cobra Castle	cobra castle	RP	547	7859987	1519423	60	
1157	Feru way - DT seal w trio	feru way - dt seal w trio	RP	517	4227062	1342592	133	
1153	Mega Dragon	mega dragon	MS	617	11328449	2007255	63	Team
1149	Mega Dragon	mega dragon	MS	617	10822306	1580735	45	Team
1146	Mega Dragon solo	mega dragon solo	MS	617	7948786	816149	35	Solo
1126	Ice libka z Otumansonem	ice libka z otumansonem	RP	515	14352822	2935849	134	
1118	Ice lib hunt	ice lib hunt	ED	580	10900811	2445445	72	Solo
1122	Cobra Castle	cobra castle	MS	616	4781392	1134750	83	Team
1109	Carlin cults -1-2	carlin cults -1-2	EK	127	1417695	0	31	Solo
1120	Cobra Castle	cobra castle	MS	616	8745759	1299255	60	Team
1100	Bestiary - Werehyaena's	bestiary - werehyaena's	EK	552	3415478	624910	31	Solo
1091	Ice libka	ice libka	RP	513	13115672	2663487	138	
1090	Cobra Castle	cobra castle	EK	657	6475530	1671589	62	Team
1086	Bulltaur	bulltaur	EK	657	4063117	818269	42	Team
1075	blilu	blilu	MS	615	2667264	1713686	76	Team
1068	pirat -1	pirat -1	EK	519	2231352	656987	51	Solo
1061	Ingol -3 częściowo bez charmów	ingol -3 częściowo bez charmów	ED	641	7997444	1813542	137	
1063	Blilu	blilu	MS	615	3931578	1420674	61	Team
1048	Ice libka z Corsus Brazzerem	ice libka z corsus brazzerem	RP	513	13137862	2248819	62	
1043	Ice libka w standardowym składzie	ice libka w standardowym składzie	RP	512	12946381	2617643	70	
1049	Mega Dragon	mega dragon	EK	656	9807753	1861711	64	
1039	Mega Dragon	mega dragon	EK	655	11772176	2310340	70	
1018	Blilu	blilu	MS	613	3907579	1598420	52	Team
1003	Mega Dragon	mega dragon	MS	613	10383877	1799345	55	Team
998	Mega Dragon	mega dragon	EK	655	7380648	2634143	41	
997	Cobra Castle	cobra castle	MS	612	6648531	1259653	70	
995	Cobra Castle	cobra castle	MS	612	7266623	930463	60	Solo
994	Cobra Castle	cobra castle	RP	545	7560903	1269673	68	
990	Cobra Castle	cobra castle	EK	653	9736575	1834168	59	Team
989	Cobra Castle	cobra castle	EK	653	10124614	1853017	49	Team
983	Cobra Castle	cobra castle	RP	545	8616524	1445956	63	
981	Cobra Castle	cobra castle	MS	609	8136023	979255	52	Team
975	Bashmu	bashmu	MS	609	4699673	1398627	63	Team
972	Bulltaur	bulltaur	EK	653	6622127	0	33	Team
969	Bulltaur	bulltaur	EK	652	7372700	1142451	58	Team
946	Mega Dragon	mega dragon	EK	651	9572175	1698542	56	
944	Mega Dragon	mega dragon	EK	651	8924628	1828046	80	
938	Blilu	blilu	EK	651	4299223	1665724	56	Team
936	Cobra Castle	cobra castle	EK	651	9737997	1788856	64	Team
930	Cobra Castle	cobra castle	EK	650	8838297	1691713	64	Team
928	Cobra Castle	cobra castle	EK	650	9081252	1503368	67	Team
926	Mega Dragon	mega dragon	MS	605	9329036	1749160	75	Team
910	Ice libka bez utamy	ice libka bez utamy	RP	506	11823147	2577264	175	
911	Cobra Castle	cobra castle	EK	650	9497590	1479811	62	Team
904	Mega Dragon	mega dragon	MS	604	10226396	1792696	66	Team
899	Mega Dragon	mega dragon	MS	604	10389579	1759958	40	Team
897	Mega Dragon	mega dragon	MS	603	10032487	1864468	64	Solo
894	Mega Dragon	mega dragon	MS	602	9685457	1821950	81	Team
885	Mega Dragon	mega dragon	MS	601	9909019	1697029	69	Team
856	Bulltaur	bulltaur	EK	649	6866455	829561	52	Team
821	Ice libka z Insanem, Pizza na utito	ice libka z insanem, pizza na utito	RP	496	12392742	2334284	138	
814	War dragony poziom 0 z 2 charmami	war dragony poziom 0 z 2 charmami	ED	637	9729974	1710829	123	
802	Ice libka po finałach	ice libka po finałach	RP	495	12944929	2472443	64	
763	Ice libka z Insanem	ice libka z insanem	RP	492	10620137	2074327	114	
758	Mirror z thunderstormami i LB na dawnfire	mirror z thunderstormami i lb na dawnfire	RP	550	7570731	407925	36	Solo
752	Ice libka z 2 deskami Galarety	ice libka z 2 deskami galarety	RP	492	10829199	2204409	174	
738	Ice libka	ice libka	RP	487	11464217	2262200	151	
698	Ice libka na full charmach z Zugorem	ice libka na full charmach z zugorem	RP	485	11654979	2515686	140	
656	Ice libka nowym sposobem bicia	ice libka nowym sposobem bicia	RP	482	11565959	2096048	170	
642	Blilu	blilu	MS	601	4703850	1204814	30	Solo
622	Ice libka z Vege (3 x charmy)	ice libka z vege	RP	437	10508823	1847213	141	
606	Ice libka, pół hunta z zapiętymi 2 charmami (reszta teamu z full charmami)	ice libka, pół hunta z zapiętymi 2 charmami	RP	480	10948853	2058253	139	
586	Ice libka z 1 charmem zapiętym na książki	ice libka z 1 charmem zapiętym na książki	RP	478	9624441	1985411	142	
581	Flimsy -3 + Brain Head	flimsy -3 + brain head	ED	633	9271183	1387298	78	
486	Blilu	blilu	MS	601	6141072	1295211	14	Solo
471	Pierwszy hunt na ice libce druidem	pierwszy hunt na ice libce druidem	RP	471	10205951	1621591	145	Solo
461	Mega Dragon	mega dragon	EK	645	6482072	1105345	26	
455	Ice Library	ice library	EK	645	9715686	2189088	62	
453	Blilu	blilu	EK	645	4709566	1757304	32	Team
424	Falcony w duo z EK	falcony w duo z ek	EK	522	4297036	751909	142	Team
386	Werecrocodyle w duo MS + RP	werecrocodyle w duo ms + rp	RP	541	4759205	753945	62	Team
385	Weretigery w duo MS + RP	weretigery w duo ms + rp	RP	541	4835626	803428	69	Team
357	Ice Library	ice library	EK	645	11175254	2079048	45	
355	Cobra Castle	cobra castle	EK	644	13180397	1292424	35	Team
346	Ferrumbras path	ferrumbras path	MS	600	3893462	684383	29	Team
338	Cobra	cobra	EK	644	6919048	1394485	17	Team
336	Ice Library	ice library	EK	643	17111485	3111190	59	
334	Night Isle	night isle	RP	546	4007705	666384	68	Team
333	Edron Werebear	edron werebear	MS	598	1732694	221760	30	Solo
331	Night Isle	night isle	RP	545	4144932	384010	66	Team
319	Fire Library	fire library	EK	643	7736812	1180580	80	
316	Fury Thais	fury thais	RP	545	3515395	0	62	Team
298	Cobry na double expie drutem	cobry na double expie drutem	RP	465	19466588	1523048	197	
296	Ice Library - Alt	ice library - alt	EK	641	19932075	1304634	58	
291	Ice Library - Alt	ice library - alt	EK	641	15748924	1327456	88	
275	Cobry na double expie palkiem	cobry na double expie palkiem	ED	628	19696415	1938980	181	Solo
265	Cobry na double expie z dętką	cobry na double expie z dętką	RP	459	17725328	1428073	190	
261	Ice Library	ice library	EK	637	19056967	2741310	24	
256	Ice Library	ice library	EK	637	28963276	2470440	11	
258	Ice lIbrary	ice library	EK	637	25719049	1931647	46	
254	Ice Library	ice library	EK	637	28025217	2389807	64	
251	Ice Library	ice library	EK	637	27143555	2536609	60	
240	Double exp na ice biblio	double exp na ice biblio	ED	625	21069933	2498757	159	
226	Ice Library	ice library	EK	635	27327331	2127837	63	
221	Ice Library	ice library	EK	635	21093785	1947141	67	
212	Double exp na ice biblio	double exp na ice biblio	ED	622	20848493	2626413	174	
189	Ice Library	ice library	EK	633	25432616	2392541	68	
186	Ice Library	ice library	EK	633	22058025	1923975	16	
168	Cobry na double expie	cobry na double expie	ED	619	17604419	1859639	184	
149	Cobra -1	cobra -1	ED	611	13996989	1284839	57	
141	Cobra Castle	cobra castle	EK	631	23121231	1396906	60	Team
137	Cobra Castle	cobra castle	EK	631	22929631	1469706	60	Team
75	Ingol -1	ingol -1	EK	630	6338534	1979928	68	
73	Ice Library	ice library	EK	630	10469236	2243549	29	
68	Ice Library	ice library	EK	630	12286845	2386384	46	
32	Cobra Castle	cobra castle	MS	579	11188973	1557949	45	Solo
31	Fury Thais	fury thais	MS	581	2580019	343258	28	Solo
30	Fury Thais	fury thais	MS	581	2960575	290659	25	Solo
22	Cobra Castle	cobra castle	MS	578	9171784	999019	41	Team
21	Ice Library	ice library	ED	609	10938488	1590794	58	
20	Fury Thais	fury thais	MS	581	3298250	381633	38	Solo
19	Ice Library	ice library	EK	778	8509489	2174190	61	
18	Ice Library	ice library	EK	778	9394125	2527148	71	
17	Ice Library	ice library	ED	607	10921147	2204465	71	
15	Ice Library	ice library	ED	606	9616036	2238025	48	
13	Ice Library	ice library	ED	606	12748966	1887608	74	
9	Ingol terreo	ingol terreo	ED	606	6269435	1819010	44	
8	Ice Library	ice library	ED	606	9238270	1709460	23	
7	Ice Library	ice library	RP	675	11403052	2272411	65	
5	Ice Library	ice library	RP	675	9721068	2366813	86	
4	Ice Library	ice library	RP	675	13137757	2385724	67	
3	Ice Library	ice library	RP	675	13560146	2307810	64	
2	Ice Library	ice library	RP	675	8763799	2005495	60	
1	Ice Library	ice library	ED	606	0	1038107	70	
29	Ice Elf	ice elf	MS	581	6400335	890644	31	Solo
28	Ice Elf	ice elf	MS	581	7881496	694896	32	Solo
27	Cobra Castle	cobra castle	EK	630	13324898	1470501	14	Team
26	Blilu	blilu	EK	630	4877172	1593546	43	Team
25	Blilu	blilu	EK	630	3536801	1047095	68	Team
24	Ice Elf	ice elf	MS	581	5590164	883920	30	Solo
23	Cobra Castle	cobra castle	EK	630	10998312	1577812	61	Team